User Id,Full Name,Insurance Company
029c0d00-8ad4-43df-9ae0-f3c27620e68a,Adams Rawkesby,"Bosco, Stanton and Pacocha"
b174fbf3-081b-4808-97f3-95d5690c2d9b,Adams Rawkesby,"Schoen, Gulgowski and Rippin"
c0c97001-f91d-47b0-8267-a9bb354670c5,Adams Rawkesby,Hettinger-Kreiger
a370c564-167e-4331-ada7-76dad1ce6f09,Adams Rawkesby,"Howe, Jones and Luettgen"
55150b13-bf0f-4e9b-bfcb-fd8c85ab4702,Adams Rawkesby,"Kohler, Bogisich and Yost"
137f0e64-cfd9-426e-b804-1513b87ce27a,Kean Oppy,Wilkinson LLC
b73fe2d7-e140-4154-90e8-5a40805d9ccf,Evita Akrigg,Swaniawski Inc
4c180f09-aea2-4a30-8950-9247c329d417,Venus Cheeke,Kassulke and Sons
affed029-655d-4963-89d4-20be87367a0a,Fulton Byrd,Koelpin-Kuhn
675cf6e9-07d6-4a01-ad28-0f1d688ca839,Phyllis Petrushanko,VonRueden LLC
1725274d-bf52-4fcc-96bc-5167d93c0365,Filmore Dewsnap,Lindgren-Kulas
65132267-8c9a-4ac4-9dd4-c1076869db40,Zolly McCory,"Stehr, Barrows and Cummings"
d4786d24-edaa-4945-855d-693ff143d2ae,Allissa Wessell,Goldner LLC
6fbd2b2f-35aa-47bc-b6b3-5099f559c87e,Kirsti Gooden,Boehm-McGlynn
5bc046f5-daeb-4dce-9c12-579d3de160b6,Durand Beeken,Skiles-Franecki
e1780fba-895e-4c3e-8a31-3413a2cbef07,Lemuel Josefsson,"Roob, Bashirian and Thiel"
c6ee4bc9-0804-4abf-a54d-5c550112a56a,Desiree Drogan,"Volkman, Haag and Roob"
7a8774a1-5d62-4b89-8861-c093d68b6e32,Issy McClure,Renner Group
9794ea83-a950-492a-bb55-2d7ace0e9c02,Sampson Howsley,"Russel, Satterfield and Rosenbaum"
dd0a5c77-7836-4b7c-8884-9992a61a819a,Moria Justun,Mitchell-Hickle
724a54ca-1ad4-4fe5-ac38-9a904fd368de,Minetta Zanini,"Koepp, Little and Weimann"
6fd38df4-312d-4929-aa5b-8f96272196d4,Hardy Geldard,Cassin Group
132010a6-6573-4b53-b175-eb0b5018db21,Adoree Ovize,Bayer-Kassulke
ec1e1232-8657-4bfb-b0db-2c07c0d697e7,Bibi Oehme,Metz-Erdman
e5d67d28-99ab-4a91-9f65-5e3369c1ab13,Dasie Brummell,Wyman LLC
07916252-16e4-46e1-99ef-717960547691,Debora Kesey,Streich-Bogisich
795ad6de-7fd7-407a-9d1b-1e0b4a5c8e29,Regen Meaden,"Bashirian, Kutch and Wiegand"
ba9aca65-c8c9-46bc-911a-94b83b232d74,Yorgo Eagland,"Boyle, Stokes and Romaguera"
559f7b55-d01a-4e8f-8a65-ab9e4e964f73,Demetris Jakubovitch,Casper-Gutmann
f0719c21-b029-4f17-969b-395515f227a9,Reginauld Skally,"DuBuque, Lehner and O'Hara"
2488e607-0218-4716-81d2-970ae53ffe87,Madeleine Von Welden,Daniel-Parisian
d6b9eacc-bb30-48c0-9ec5-1fe68e712ebb,Traci Tessington,"Bergstrom, Hodkiewicz and Gottlieb"
6918108b-ea15-4274-baf3-011ad60d48af,Douglass Profit,O'Keefe LLC
f71e66ff-91d0-44d8-9ed8-375db83bbaed,Herold Dunnaway,"Medhurst, Haag and Beahan"
23681f42-47c2-4c2d-9422-351a3699399a,Rebeca Hek,Ullrich and Sons
716f5c65-b97d-4b0f-a242-df8fd47946db,Brigit Stiggles,Larson Group
ae971f0c-2032-45bd-b1ac-8ebc471d4b83,Woodie Reck,Collins Inc
3a7b873f-978f-489f-8321-13f4cad2ae4b,Niko Cordet,Bechtelar-Corkery
a17eab3b-6533-4658-9462-45e7fe5a8a51,Horacio Stockall,"Bailey, Koch and Rutherford"
06cadc45-100c-4ed1-a6e4-270a3b8e65fb,Cindie Isabell,Bahringer LLC
2ef70418-766a-4e16-9418-f6529e2c89ac,Basia O'Leahy,Hills-Rolfson
dfc854f7-f520-4651-be93-a3c7f80563cf,Lay Westmacott,Mosciski-Jacobi
9ea35624-4122-4a3c-959a-e612abd6d986,Wells Bigadike,Kohler and Sons
c82daddb-19da-49f2-8f7a-b8d4dd7ccafb,Lauraine Gillaspy,Stamm Inc
6a3d6093-8eb3-45ff-95c2-e30d86d3b131,Tara Rawcliffe,Jacobs-McGlynn
0e7951c2-377f-4517-9c06-40e95f893067,Clare Henmarsh,Mohr and Sons
b6472911-9427-4471-bdaf-64c8445f5907,Aimee MacMeanma,"Rowe, Borer and Lowe"
6fc1e879-ec87-4fe5-9edf-cd0efd86762a,Rinaldo Titherington,"Kuhic, Botsford and Hodkiewicz"
df621a61-90f6-4136-bca7-884fd81db11e,Lacy Sooley,"Stark, Rohan and Abshire"
23087c5a-4dda-409e-a438-24b4d380e5e0,Rivalee Savoury,Boehm Inc
1faf8433-3bdd-48c5-92c6-04b6274a7135,Teri Cassar,Orn and Sons
2de29e4b-1eef-4ba3-912a-18b7e8b83bb0,Jacquenetta Wimp,Nikolaus-Thiel
4b346546-aa58-4416-b821-044f2c5b0a88,Hiram Rhyme,"Maggio, Schamberger and Schowalter"
a665ce0e-6400-4b2e-92c8-d3dafb02fe85,Filide Willans,Toy-Mueller
718df9e7-8bd1-45cc-93d7-3cbd9a6fa6c6,Garik Nellies,Nienow-Gerlach
cde5e565-2b29-471f-8342-6b95e0f09d89,Ernestine Rosone,Murphy-Huels
463e2506-d4f7-470f-8b69-f2c2620e4d22,Breena Sayre,Kuhn Group
ed467f69-8baf-4ad4-9802-d5e2547630b4,Randie Ricardou,Davis LLC
21108262-b5da-4efc-9afa-a45fa6b8bb6f,Konrad Starton,Dietrich Group
771a7b38-5fc5-48aa-ae8a-6a5a3783231d,Schuyler Fitchen,Hickle Group
b00cdf55-985b-4f70-9632-82aaf2020386,Corty Splevin,Deckow LLC
35b0d8d0-3829-479a-99c7-55b277e82311,Yurik Curness,Kessler-Huel
8d70eec4-11cc-4ac1-954c-0f528c14ea2f,Darill McLukie,Kiehn Group
c8b1199e-d7af-4148-81b0-a999efd03a60,Alwin Oakey,Rice-O'Reilly
e04f2f12-23a2-4b4d-a046-e82613969730,Kathi Note,"Senger, Hayes and Stark"
2d84cc42-4faa-4025-8162-b36d2ae66c27,Florinda Dusting,Wolff-Ruecker
20791226-ff68-44ea-a8cc-7abf3ab765ab,Simona Pirri,Wolff LLC
d14dfb58-2a25-4655-9453-ca988ea84ccb,Rosa Fodden,Braun-Halvorson
6b77e3ba-9df7-4d8c-abca-04a49fb60517,Christalle Riddel,Kunde-Erdman
291e2bc7-eb25-46dd-bf14-da94a87d37d1,Quintina Deguara,Fahey LLC
10e11554-b388-4ff9-8dd4-54c79a2bd609,Kareem Kinder,"Herman, Kiehn and Wolff"
00342bc7-2e49-4e65-b2b3-ee1d27929f1d,Inge Herety,Morar LLC
a40f29f6-9e2d-42bc-99ce-d22e636e7a76,Granville Costanza,"Keebler, Eichmann and Weimann"
afc5389b-ab66-4184-8448-2469463ba3a1,Amalle Shalcras,"Stroman, Lebsack and Denesik"
f6f1b67d-e1fe-4832-a052-a81c751ebd05,Anton Jenking,Lakin LLC
7c145e5e-d8a3-4956-ab75-15ec49a3f652,Missy Trytsman,Hilll-Cassin
05f7170a-9e26-4318-98e5-de1b8bf54b34,Verna Mant,Schiller Group
df26c39b-a76e-4baf-af23-c05e4c3a563c,Rozanna Iacoviello,Kihn-Bernier
aef35587-4299-40a8-b8f6-9f5e7b66106e,Heinrick Siddall,"Zieme, Swaniawski and Casper"
acdecc4e-0430-48fc-aa38-bcfaf17d0553,Hewet Hourigan,Konopelski LLC
6c485f17-e1b8-48f8-ae13-c34846d1d465,Jeffie Colebrook,Dicki-Hermiston
faa592d1-81c6-4d93-9c10-0124515ff808,Carl Aikman,Hauck Inc
bbf1882a-a07c-4104-b29b-fa3b88fc96b5,Eugenie Abramzon,Kassulke-Doyle
7a487b91-db66-4be8-8e0c-3b7d10c50934,Morlee Tirone,Hudson Group
3f1e963d-30b2-44fb-8026-005bd3ec74e3,Crysta Hosten,Corwin Inc
a400ee90-14c3-47ca-a48d-31ca0500e18c,Nanete Shedden,"McClure, Greenfelder and O'Conner"
4e2a3f39-adf9-4cda-885d-32d1a3104d98,Giulia Penquet,Streich-Kozey
1d41e4e7-4527-4e10-9b61-cf7623b74fbc,Veronica Suggett,Grimes-Murphy
d447c979-4e85-42cc-8de4-8306d7a98b86,Tab Cinderey,Dooley-Wintheiser
f373e6cc-e325-43c1-8048-e9516230fb08,Donny Riden,Swift LLC
77a82b38-6365-4df6-8b30-149ed76f0594,Evin Polamontayne,Mraz-Bergstrom
3afcd01a-25ff-4e79-a094-276b0dc1b93a,Swen Jervis,McCullough-Collins
69d1b7bf-c921-4551-9ee9-05b14ba872aa,Riane Syder,"Raynor, Smith and Boyer"
f95a819c-a431-41e6-86fe-a7c9df05784e,Marve Marten,Gibson and Sons
bde7cd1f-e1f6-4f64-9d4a-8f59d7d525f1,Dierdre Trahar,"Cremin, Botsford and Bruen"
edbb076b-8882-4d10-bdaf-f570927a9526,Shina Brumwell,Homenick and Sons
856d589e-a076-4e55-866a-25a8cad5cfcb,Ibrahim Borgnol,Erdman Inc
936099d6-dcfc-495d-a769-a85cd4001d3c,Mellisent Guerin,"Leannon, Rice and Spencer"
f64e9b7e-ca07-4f4c-b7ef-f8bbbcf5acb2,Wallis Layne,Turcotte Group
f27c5f3e-7867-41ca-8f3d-68637b605196,Fredericka Spoors,Barrows LLC
5242e482-bbe9-44ec-81f9-5f6696577144,Fredericka Spoors,"Simonis, Hilpert and Feeney"
41520810-7fbb-4b00-9678-45f5e6c05a67,Fredericka Spoors,Turner Group
a25d0c02-4b04-46e6-b54e-d19bb0b4288c,Fredericka Spoors,Wiza-Hessel
e3d9a89e-963b-4b8a-9946-e16f461f02e0,Fredericka Spoors,Bogan Group
30bdf108-05de-4799-9663-2aad9984f247,Fredericka Spoors,"Botsford, Wilderman and Jenkins"
f8439aac-444f-40b2-b63b-f266fcb3dbd7,Fredericka Spoors,"Champlin, Robel and Gleichner"
23b7727b-b951-4bf3-89c1-b07fda8325a5,Linnell Feavyour,Larson Group
1c20b53e-f09f-48dd-8b67-db07f7049ca1,Eldon Readwing,"Wisoky, Bechtelar and Hilpert"
0cb7167a-dc3e-459f-8fc5-b8393cbd7a82,Liana Mahy,Lindgren and Sons
3520fd39-8cee-4c0e-9192-866d2fa31761,Raviv Rohan,VonRueden-Streich
f1598bf6-c400-420e-8df5-eac8da9643db,Timmie Hairyes,Casper-Sawayn
1497b378-65f5-4c4a-bd5a-bb19f261c72b,Ancell Blackden,Welch Inc
ac33a176-18b9-483d-9ae8-3e1acaee1b9d,Engelbert Mabbs,"Bogan, Lesch and Walker"
d7d82438-4698-4899-ae2c-c9f500b4865b,Anastasie Dallmann,Upton-Howell
bb3d0f35-e372-44ab-8163-3fe8b809be82,Aarika Wrightam,Schuster LLC
dfcb9288-5212-49e7-a931-8287ddb0ae19,Coreen Breede,Dickinson Inc
3e90437a-1682-4e47-9e01-343b5ff67098,Antonina Dumberrill,Harber Inc
57a84eb1-3221-4490-9f2f-f640c4be1bb8,Ardyce Dutnall,"Bednar, Sporer and VonRueden"
f9e967c9-d243-4fd0-971e-4b287e329cf2,Toni Legan,"Medhurst, Lowe and Schmidt"
170c83ff-be65-4b84-8f95-a49bcd5ff52c,Berget Barok,Mueller LLC
24f22f2b-0a66-4ebb-bdc7-569f6b36e271,Luz Blaszczynski,Lueilwitz-West
2cef2cae-9fc7-40df-92a6-10e2176af526,Everett Bruhnicke,Fahey-Hilpert
144f01a6-d9d8-4417-8a40-c9957b0edba6,Lanny Paute,Wisoky-Barton
d0bde4b7-686f-424c-b5d3-861f562af0e6,Bear Erley,Marks-Bechtelar
22a311b5-900b-44e3-a161-6b1f9d710241,Vanda Daouse,Hayes and Sons
7cbec2f2-e345-46ae-b588-653cf7a9716e,Germain Bucknell,Hyatt and Sons
0b8ba7f0-2e57-4919-a9b4-b247dcf74fe3,Gayle Kibbel,Mosciski LLC
ec772425-c3ac-49ee-9837-c65a944f9ba3,Marius McAlester,"Auer, Grady and Roberts"
6ccd216a-92fc-4d3d-bad8-c249ad1b0565,Maurizia Nurcombe,Jacobson Group
356c44e5-730e-4553-a75b-c9160a5b4505,Alexis Livock,Lind Inc
8ed2a0ce-6693-426a-bc20-b9fb92317e3d,Gloria Bourgaize,Bergnaum LLC
ea9421c6-579f-40d8-90a0-f2e92341f816,Gare Tither,"Kuvalis, Rath and Kovacek"
597f9b04-7bad-4e7c-8ed8-2b5422c0e292,Audra Morrant,"Schmitt, Mertz and Stark"
968dfb94-4c3b-470d-b304-150c0756f498,Rhiamon Crighton,"Hodkiewicz, Gutmann and Price"
2f4f8d33-d50f-4141-a37a-861041f715c5,Julee Bedberry,Becker-Stamm
83bcdca1-bb7e-44bf-b727-1445f7fe4915,Kettie Chaston,Aufderhar-Littel
9d6d9285-5852-404d-a6b2-38924cb2e320,Haily Mordy,"Hoppe, Tromp and Kozey"
4883cec1-1753-40a3-adca-9ce5203d1443,Rockey Kless,"Ondricka, Bechtelar and Prosacco"
ae467ab6-1f9c-4001-a771-af2eacc4b400,Ramon Offield,Nienow-Mayert
ab5c7888-fd42-4fe0-b1b8-3c1478e33a25,Genevra Hugk,"Ryan, Roberts and Block"
43a94ba6-4b00-4c47-990d-1980afd47ce4,Erie Maple,O'Kon-Brown
e854e2a5-d93b-4305-a245-dde514bb22d8,Laurena Mulkerrins,Renner-Bartell
019b279d-b4e3-4a33-aff5-737f8e95bba0,Charo Castree,"McClure, Schulist and Feeney"
aef5477f-82e1-42f1-afe4-2af84be6d562,Avigdor Riddler,Beatty-Huel
65893171-6834-47c6-a4e7-cbc5b885e6be,Ezechiel Richardson,Wisozk-Hamill
70ce2802-b6f5-46cd-ab40-9bb84414fe45,Isabella Flipsen,Zulauf and Sons
fdaddff1-8b5d-4ace-9020-5d377b8c1edc,Cindee Glassopp,Watsica Group
b63b9d82-d6b0-418c-8b51-430cc4a0e558,Donnajean Antonetti,Runolfsson LLC
dea9581d-5247-4a6c-9e15-19e90431cc26,Terrill Duck,Bradtke-Rau
153db601-8d16-4136-ae99-cae19ff8fd61,Wendi Game,Dickinson-O'Conner
25bb25ed-286b-47ae-9c88-80072006374d,Laughton Sayburn,Altenwerth Inc
19d1c64c-bcf4-45c2-b087-e3854998d39f,Kile Brognot,"Smitham, Bartell and Hamill"
3147dd56-5600-4593-8803-3122c8a44d3c,Rey Bodleigh,Gleichner Inc
64c874c9-e148-485b-81a6-e58747e0abe7,Jandy Timothy,"Zulauf, Stokes and Williamson"
b5dd2b53-7d09-42d8-beb8-350282e82d0d,Jennee Smooth,Mertz Group
df5f70d9-c915-474e-b353-8cd7622becbf,Jehu Wordesworth,O'Kon-Mertz
ad7564cd-7c54-4fbd-9d5e-4c7473b99c64,Sapphire Duplock,Stokes Group
f82c88eb-ffac-4f02-8586-8492e4a90f01,Brien Mc Ilory,Daniel-Kuhn
29bbb5a4-19c1-4f44-b77f-34576adaa043,Robers Conner,Hintz-Heaney
b356a36e-3bea-4c06-9b5b-0113a5b68405,Cordi Bulch,Pfannerstill Group
69fc7605-dd6c-485a-9c00-e52b691c7ab2,Vinny Toy,Corkery LLC
a2794807-4016-41e1-b8ef-f9fb1f0c00bc,Dulce Cranmor,"Armstrong, Runolfsson and Prosacco"
f608a49e-941c-4e64-bb44-50da00899942,Burr Forrestall,McGlynn Group
ccb25c92-d03d-4568-83c3-9ea7564dbe72,Brittany Raoux,O'Connell-Stokes
f1af64df-9397-4f05-b7b8-b78fb8242352,Etti Tidey,"Wisoky, Schuster and Stroman"
56bbf184-ee58-493c-b544-9eba05d16151,Trenton Andell,"Corkery, Kiehn and Koepp"
5544bd70-2c24-40d2-9452-634547e2722b,Dimitry Lakes,"Wisozk, Gutkowski and Waelchi"
e4c61692-71f6-4a25-8612-f6ad532ae1d1,Lilian Abbate,Kiehn LLC
25af8ee3-b0d8-4792-8eed-d9f078cabc67,Silvano Please,"Bins, Volkman and Towne"
2adf254a-b689-4c4c-8fb5-4c71be49a186,Lesya Samms,Beier-Doyle
764c3716-120b-4ebd-9fc9-b82fe79491bf,Omar Lockless,"Jacobi, Reilly and Mosciski"
e29239db-7b4f-4d5c-b2d5-5b994a4c1b0b,Zeke Coop,Maggio-Morissette
1a3360d7-9318-4f2b-b581-5d2d7414f094,Mathilda Roxburgh,Hagenes and Sons
969f2dee-257b-4694-9b93-fef584ce3561,Kath Boycott,Maggio-Lang
c1db9f83-4363-4b70-b687-f0c13e614fce,Lavena Kingzeth,Mante-Schamberger
e5d36c25-9b67-4df8-94a5-12ada1daa486,Gabriellia Kilmurry,Osinski-Cormier
92496753-822d-4ff8-9b93-337ce75c8ba9,Kermit Comer,Gleichner-Dickens
6427f10e-eda4-4fc0-99f8-3714baf3a798,Ronda Cahalin,"Boehm, Rodriguez and Feeney"
287f70d0-6cf5-4c59-a7ab-d3391e44ad01,Milli Coldbreath,Murazik Inc
7e336958-ab13-4cfd-aa78-bd333beab304,Bernarr Banville,"Murray, Ullrich and Harris"
9efdbef5-ce13-4626-a229-2ab324c91f10,Thaine Van't Hoff,Auer-Jenkins
da34a130-d880-4e12-b686-fd09c532cf18,Ansel Brightie,Rogahn-Upton
e7743a56-2b02-4842-b882-19c19993027c,Anatola Haselup,"Cremin, Wiza and Macejkovic"
1109f3a4-4d9a-4ae2-829b-1ad5142ef2c4,Ina Bruins,Klocko-Steuber
a98077a4-372b-4478-b8a8-08e8fcb42355,Karl Booij,Keeling and Sons
9ec35e76-db5a-4450-bed8-fcc9aa58f343,Brose Carty,Cole-Berge
a10da320-38ac-4966-a6e6-d4dc5b8e929c,Conchita Oxterby,Feest-Howe
f3df45d5-3963-4895-b1d7-2076b55d2cf4,Antons Poles,"Prohaska, Hayes and Wiza"
2d4226aa-8481-4ba8-9350-0e396aeaca30,Munroe Cairney,"Yost, Schuster and Heaney"
756b9756-bada-4fa0-ad8f-a35a14892040,Lavena Sherar,Thiel-Klein
e99afecf-dbef-425f-931d-ca612078608f,Leoine Reston,"Beier, Fay and Langworth"
34efebce-6b0a-46dc-855e-84afc3c72cc4,Halli Bennedsen,Blanda LLC
1f6f581b-ca95-4a6e-94c5-0935c957d8f8,Tammy Farbrace,Cole LLC
b2e87a85-5f95-4b0c-aeee-7160963f77c3,Rici Milmore,"Kihn, Heidenreich and Strosin"
4e8c48ee-a07d-4f01-80b1-44d75f93479a,Francisco Hercock,Murazik Group
4021ae9e-cf3a-4204-9bf1-e617c17cb0ef,Cris Drewett,Swift-Tromp
f5263265-60eb-4f7c-84fa-0a89199eb6bd,Minnnie Batchelar,Stamm-MacGyver
076dd4ee-f89a-437d-9af5-2e4869ab9318,Hattie Lander,Denesik-Stamm
97163e0b-4e1a-434d-90b9-96bd8bc926b9,Elberta Giriardelli,Terry-Hartmann
3b09c9d3-dbf4-471f-bb1c-2d1fd17a571d,Norah Winthrop,"Gottlieb, Langworth and Abbott"
3b3526f0-6b6c-4d8c-b780-24c03155bce3,Shayne Fitch,Kuhic Group
9d2e2d01-6ef6-43fc-9a82-c1d894a419c5,Erick Malthus,Terry-Grimes
a5b0af6f-1aaf-429d-b267-b07532c12bd8,Honey Butting,Kris Inc
1d833166-c01f-4e1c-846a-5c503b589779,Lucienne Scoyne,Donnelly Group
5cf7f0d8-d885-4718-9116-95b45a6f3fb3,Enrico Demangel,O'Connell LLC
e0daa106-aa5b-4a7c-8133-d4f7a6fd905c,Grenville Bernardeau,"Walker, Macejkovic and Graham"
0261b9e1-aa3d-4b18-adb9-e0c688927258,Constancy Dracksford,"Heaney, Beer and Strosin"
be468bb7-3fdd-4401-995c-0a3cf6eac53b,Inna Boston,Ledner Group
1de5ddf6-8a68-4c0a-a285-5caa9715f150,Onfroi Feldberg,"Smith, Beahan and Klein"
f3ba7e66-6945-4b44-80ac-dda78df7d8f1,Beniamino Holbie,Schuppe-Batz
ffdbb4c5-b667-46b4-bbb8-50696e4160c0,Elli Tinker,Durgan-Gaylord
c3e2f04a-e1ad-41e0-848f-c388ae824bfd,Megan Townshend,"Boehm, Goldner and McClure"
60fafa11-960c-424a-97ac-7ea27dc9f690,Bettina Rodrigues,"Schultz, Schuppe and McKenzie"
bb7e1490-9205-4ea2-8abd-fe7085fd1ff8,Jessica Tester,Gislason-O'Connell
6e58ccb8-46fe-48a8-8a7d-7c48cbc8844c,Ashli Sussans,"Berge, Rice and Hane"
f6359f90-6156-4ba7-9eaf-61e027cef0db,Chiquia Ciccottini,Herman-Schowalter
0db1035c-155a-4a1a-a9b5-36b725bd539d,Giorgi O'Rodane,McLaughlin-Satterfield
d9880cae-f585-41a7-8bad-ab80310a8cc1,Jamie Snoddin,"Waters, Braun and Baumbach"
f4653572-7c03-4d4e-9bf9-8990fa1eaeae,Alric Woolfenden,"Dach, Lubowitz and Durgan"
5e7afd31-527e-4206-9677-003ec183a4bd,Meade Bembridge,Torphy and Sons
b01ab267-bbc1-45a3-bbff-7d1e4625b289,Fulvia Korba,"Collins, Moen and Kemmer"
b19a6189-4bc6-4421-becf-8431df6878ba,Paquito Sooley,Carroll Inc
ba83d11d-1397-462c-b495-88a83a283988,Maryellen Barkus,Daugherty-McClure
ce8ed70d-d6e6-4ddd-b3fa-32744644cf82,Elvira Rupke,"Kris, McLaughlin and Schmitt"
59e19f31-aff5-48e9-8dff-5b650fd30ab0,Haley Wackly,Casper-Abshire
c4066796-9fbe-4741-82cc-c2ff7448d315,Millisent Garwill,Conroy Group
a21a0058-2110-4cb0-8d77-31ce3f2a4d85,Daffy Peron,"Collier, Cormier and Stark"
30694f1e-fcf3-4aeb-91d5-4cb44d98900e,Hube Kinde,Turcotte Inc
ffc666cd-ffb8-4b02-8e84-d119897957e9,Jacqueline Norster,Hirthe and Sons
eb718b89-c0ff-460f-87f5-5aebbef164bc,Tiertza Eckhard,"Hudson, Crona and Terry"
e4063888-ca6d-4344-839b-d74439c2da70,Sunny Grenter,Jenkins-O'Reilly
2d25d459-076b-482e-8858-cfcc1a1a287e,Malynda Lebbon,Olson-Kihn
46084bb9-a4a5-4c0a-93fa-aae0b4c22ec1,Susannah Fattori,Lang LLC
0104ebc8-1951-4934-b185-e2999058a989,Allegra Bernolet,"Wiegand, Schiller and Kohler"
d6575889-ec6c-489e-a216-b595a999d049,Rivkah Marczyk,"Simonis, Marquardt and Jacobson"
fb4fbbae-317e-4964-b206-aec0ab90d09d,Gan Muslim,Kunde-Hodkiewicz
112d7678-9110-4583-9a47-40cbaa1405ae,Hastings Glasby,"Wisozk, Shanahan and Veum"
2d6c51fd-7209-46cc-964f-09656f0ceea0,Adriana Fliege,"Nicolas, Lakin and Hand"
7263f274-c4f9-4063-93de-8209fca31008,Ingemar De Cristoforo,"Stoltenberg, Schimmel and Brakus"
d6500de5-68ed-4390-8f33-b9d9bec8f409,Marnia Prosser,Blick-Brown
e6d18908-890b-4d49-916b-0acfdf16d42c,Hilary Chaplain,Dibbert-Spinka
c8e13c59-b3a5-42b3-aab4-f1e7ebf521cc,Eldredge Ghidini,"Smith, Nicolas and Reichel"
efa94c9d-859a-4f00-8bb5-5bce47a58d83,Antonius Leaton,"Rippin, Lynch and Howell"
3c98a9ba-10d8-4ea9-88d7-1e550421df5f,Vivianna Hillan,Kertzmann-Schowalter
ba5e246c-744c-43fb-a9f7-d125c5380948,Jacob Babbe,"Gerlach, Wilkinson and Wehner"
5f0206f0-5bce-4721-af58-a0b9bceba761,Jacob Babbe,"Hand, Powlowski and Marquardt"
bdfa0500-f49a-4e53-9726-a05ec86208b3,Jacob Babbe,Williamson-Torp
190aa369-63b9-4ac2-bf45-51ad72dd5441,Jacob Babbe,Nolan-Murazik
d6eecd6e-60cf-4d07-812a-71d5adb540dc,Jacob Babbe,Brakus LLC
74ea5540-64b6-423b-a1f6-ed1f97f1501a,Nicola Pinare,Balistreri Group
92b91f48-49a0-49f5-b8b2-c5afa15be841,Adena Delia,Ankunding-Nienow
5984d635-40d8-40c6-b57e-bdd760af9ad5,Camel Rodrigues,Lindgren Inc
3021f328-c0e8-4dd6-8f22-9fbba3dfece1,Florrie Newdick,"Wiegand, McCullough and Pfannerstill"
bcbeb103-ec6a-4064-bbb8-7934ebe25019,Gwyneth Bootton,Rath LLC
1506aae1-979a-4492-afbe-5e2c769b05b1,Raimund Attenbarrow,Altenwerth Inc
15b293b9-eae5-4c4e-ac1d-878b603c4c3a,Adi Rodrig,Berge-Satterfield
dbfc27e1-495a-47a0-871b-a9e8b91f67de,Ogden Dicks,Yundt-Spinka
18c1788d-975d-4f8c-9b14-0efdefe26e72,Whittaker Coping,Schmeler-Doyle
81a4cfc7-2f66-4184-a009-1e21ad759188,Christel Nockalls,"Kshlerin, Kreiger and Skiles"
ec7559ec-e1ef-40a9-83d0-b21e051e3d28,Alvis Sukbhans,"Zieme, Lakin and Hand"
fe5400ca-3afe-4068-878d-16e1d5819464,Tally Scottini,Kreiger-Purdy
286024a5-b061-47c0-9f20-d2fdbfb31d89,Maury McGavin,"Dickens, Turner and McCullough"
d93e0b4d-84f2-4f35-a664-b6c7a3c51dfa,Ludovico MacIlwrick,Adams-Turcotte
6627395d-661d-4143-9c41-5f06c71b5949,Willey Lodo,Towne-D'Amore
99757c14-a94e-42f0-ac7d-11b4dcf84a88,Brant Osmon,Schuster-Zieme
c91665d6-3417-4d2e-9f2a-5470b215d879,Nomi Bootman,"Cummerata, Medhurst and Mertz"
979d5adf-ddf2-46fe-9dab-126821b694f9,Reinwald Pietzker,Rosenbaum-Bartell
88d38111-737d-469f-9a15-dbf140bc6d19,Carlo Casewell,Crona-Crooks
3abef77d-ac36-4cbd-bc1e-3252568820fb,Almira Caverhill,"Frami, Koch and Satterfield"
3ba9bdfe-7604-411d-90b2-7917db6d1325,Ailene Puttnam,Jacobs-Murphy
8aa84905-e1af-4e4c-bd5a-15c60fac3538,Francklin McGuffie,Kris and Sons
cb29bfd8-0a8c-4cc2-ad41-9d15eea38f0c,Glenn Mowsley,Simonis Group
a67bcdb7-8581-4175-be4d-fbeafeacb529,Boyce Leacock,Beier LLC
01e8f0b7-8bdd-46a0-8ceb-f93575aee971,Emalee Lanphier,"Mertz, Runolfsson and Okuneva"
1622f45e-60e7-4b4a-82c8-8d01fd8d2959,Lyda Ockendon,"Barrows, Boyer and Crist"
a70b5400-3228-4188-b03d-792ccc4959c4,Ynes Addekin,Hilll-Kulas
1c00694f-35c7-4699-bf5e-3e87d05947a1,Brooks Showell,McLaughlin and Sons
cc2b04be-df0b-4919-ab4c-5147a5c3eceb,Derril Empson,"Stiedemann, Connelly and Rau"
40e302e7-1769-414e-8926-305ef4d966a0,Victoria Kerrich,Mosciski-Wiza
48efdbf1-c5a7-47e2-9118-aa1a2a44fc14,Martie Applewhaite,"Hessel, Feest and McClure"
de244bcf-2e97-48f3-8b87-86122517b3f8,Marna Panks,Hermiston-Pagac
11f58b7f-65b8-44f0-86a6-6ccd7e573c2d,Kissiah Longfut,Goldner LLC
d2e6178d-0296-4e7d-bee1-572685e16756,Sarita de la Tremoille,"Kiehn, Schuster and Schamberger"
a897a1f4-2ce8-47c8-a806-44fb10b4ae60,Arvin Simunek,Blick-Bailey
e36afaeb-d81f-44a4-8822-86ea238c5927,Yolane Clapperton,Ullrich-Weissnat
03437f91-cd05-448d-bb9a-32d2a608dc8b,Merrile Late,Langosh-West
70d0f1c2-c676-4155-925e-5409ba08c8d3,Anastasia Braganza,Jacobs and Sons
c48b4f77-1df5-450e-97a9-b0d126ba97a2,Conchita Beckey,Hammes-Armstrong
50cd925c-4787-41c0-84de-e907bb9b3526,Orsola Gimlet,Smitham LLC
0ec9e021-feee-4bf1-a775-2eaaf45df3f3,Brooks Willans,Jenkins-McClure
ec664f4d-819a-4507-af18-04c7ffeecaaf,Janka Glyssanne,Bins and Sons
f700b48f-9b92-4597-b071-29ca82811253,Antone Clunan,Auer LLC
32b4c9b0-976a-4b6a-9e56-eca924a12e56,Elianora Hobbema,Jones-Rolfson
8a884f36-c621-4375-80d4-5dbd1f08f6c5,Danie Riddel,"Kling, Mueller and Glover"
ae2744fa-afc5-47c2-90f1-15f34f958e7e,Madeline Roiz,"Funk, O'Hara and Donnelly"
8c0c07f6-3f96-44e9-a28d-06a3cbc53953,Emmey Manjin,"Barrows, Bogan and Ratke"
aa833d26-e4b3-42dd-b75b-ead5ad54d0e0,Ibrahim Coraini,Mueller LLC
64016e2e-2595-459a-a755-4f9688fa85ef,Marissa Cogzell,Grady-Robel
333db9a2-513e-489f-b457-bcd4c001b62b,Sandye Giovannazzi,Klein-Paucek
48e7e2a9-0bba-4eba-9e0f-1ce50306109c,Alvinia Haig,Dooley LLC
8dc2ac72-c511-4e4c-86a8-71f1d4baa0f6,Lucias Greensmith,Gerlach-Von
cc380da1-bb53-42c3-a547-d7b7739cdf80,Jewelle Mariotte,Hermiston-Weissnat
c358fee5-ba96-45fd-bf66-4ed27c871af4,Malvina Barnhill,Skiles-Rau
3eed14cd-41be-4db4-8a24-1f439a6aa26f,Courtnay Creswell,Hammes LLC
7750593f-d138-4bd9-be7d-31f6f2850157,Kaleb Yorath,Von-Wuckert
888fb368-4c5f-4879-af9b-6fe08e768e4b,Cookie Goldsbrough,Effertz LLC
0fa70af2-fe01-44b8-a5d0-e37936e5b160,Flory Jurek,Predovic-Harber
1d9a6a1d-da17-4641-af03-d21326213ea0,Mallory Keighley,"Hickle, Carroll and Shields"
88274540-4693-4d12-a00d-15675d5eafee,Margarete Fairn,Botsford-Gutmann
44e98a50-0984-4030-9a95-cb3f7641e64f,Konstanze Letch,Sanford-Russel
ebf140b8-d99f-4e5e-a7d9-9e804db84d80,Clemmy Robbings,Glover-Grady
955ffa51-e336-442b-a93b-f7622cf90dbd,Sue Aubry,Barrows-Berge
894f4a02-0df3-4900-b573-3e31a7b981d6,Jinny Tosdevin,Cassin Group
cc30af87-fb28-4b35-b3bb-4467c73b4e3f,Emery Hessenthaler,"Klein, Keebler and Erdman"
78054d90-fff7-49ee-9186-1d31ea6435f4,Kristo Burel,Shanahan-Kessler
127d63cb-df55-4231-8f1c-e4a6bb543f32,Franciska Pretsell,McKenzie Inc
e73abb76-0d7c-41cb-b5fc-08d823a76236,Hetti Meegin,"Hane, Dickens and Hoppe"
24bb613b-b47b-4c7f-8f41-d5a2c0e8dbfd,Cordey Goodredge,"Lowe, Stoltenberg and Hermann"
fc4da9ac-40a6-493c-9607-343d4b9cb6d3,Jada Sapauton,"Mayer, Corwin and Lubowitz"
4d1cb56c-d178-4e7a-85f8-cf818a219cb6,Jaquelin Limbourne,Ebert-Beahan
25f1ed25-998d-4429-8673-f81f89e98ef9,Sharleen Beak,Connelly Inc
b549f864-ef1a-4f1c-8dab-26815a7e9e94,Magdalene Oxtarby,Kozey LLC
844da635-4824-4e36-86ee-21eed7bbbdbc,Brucie Crockley,Daugherty-Ankunding
bd41285d-4a27-47c0-8f13-fc5393ffcf55,Ertha Scraggs,Schneider-Morar
a9792da2-3fa4-458d-a437-70a9c3fbaa1b,Herrick Snowman,Kuhlman-Bergnaum
0a21f8f8-adef-44f0-ba25-f2170b3892b8,Cass Twizell,Gorczany and Sons
2900540b-8ccc-4891-be02-0d1674698884,Barton Poyser,Murphy Group
94fce845-6c19-44d5-a4e6-7f5d97b488b2,Tersina Hatcher,Kohler LLC
4a291fd0-10f1-4c7e-a382-e622dee1329d,Laryssa Yude,Schroeder Group
4ece89fd-d719-4ea1-84e8-40fa3a0b50ea,Roselia Sangar,Luettgen-Treutel
86c75486-6503-4a9a-85ee-3e28eb781802,Concettina Capineer,Grady Inc
6bca3c43-6d49-49e1-8af6-7697db04cb74,Jamie Bickerdike,Cormier-Spinka
39ff8232-5a6c-4eb2-b8a2-a69c02977376,Reyna Stainsby,Krajcik Inc
d3aba083-1fd1-4baa-bd70-a0486bf4e8a4,Reta Gannon,Rohan LLC
953f7a14-47db-4831-9559-665e8a338607,Jocko Phippen,Paucek Inc
b554a449-4093-4095-abf0-410489253488,Mendy Tale,Feest Inc
91c926f9-caf3-4dc3-baf6-653839686889,Georg Baison,Wunsch Inc
4d4a35de-af52-4c89-9a71-a587c857bd50,Miran Buggs,Berge Group
73aaea2b-551f-46d3-8e6c-2103ab40da3f,Ruthi Pell,Marquardt Group
5e1830c9-da7c-42ea-b2e3-afe21866dd17,Shalne Popov,Schmidt-Gibson
eb45f5bc-e034-4497-b145-099f67e4a7bd,Shae Dymick,Yundt-Bailey
63e5a551-dea7-4c3f-b887-2ed6558f981b,Darya Daborne,Stanton and Sons
c5a8e256-ad19-4068-acff-eeb99ca4586a,Lilia Trayling,Rodriguez-Borer
60367812-a3f3-4381-9160-f985a0f8b550,Garrik Hundley,Pollich LLC
30fed3c5-7a67-41cb-ba1c-3f76d6a135fd,Waneta Garrood,Shanahan LLC
60c244a9-610e-441e-aff0-eb3e340215f4,Thayne Waggett,"Kunde, Klein and Beer"
9490ef5f-6ead-48d4-bb65-dd672b91d46b,Eleanore Canti,"Klein, McKenzie and Gulgowski"
57567720-73a4-4353-ba66-7280541fce7f,Stephine Dudley,"Kozey, Olson and Ortiz"
8ee4eb55-a5ea-4a58-822c-5ac419a66fd5,Paola Channing,Kutch-Hickle
84db2f0c-ca32-44b8-9dbb-df49d65b4d90,Lanna Cosslett,Morissette-Eichmann
e7f24174-c6cd-4610-9c32-e7b7916ab926,Cordey Panter,"Marvin, Friesen and Swift"
0b0bfa85-b549-4a68-a971-03af289a1bcd,Merrilee Roulston,Konopelski-O'Connell
32e8b578-332a-4713-86ab-c5861cf57674,Paulita Josilevich,Rice and Sons
06f66d35-5c72-4a5e-929f-76f15908095f,Almeria Steers,Kilback-Mante
d044b210-85fa-4f5a-aed2-bbc7cb6b2417,Neil Travis,Fisher Inc
a1a54740-85b7-4243-8721-611c4250675a,Mella Pape,Lowe LLC
c68ce286-2dc5-4a52-b2cb-9c1a0870733d,Shermy Jaffray,"Emmerich, O'Conner and Stark"
f8afd5cf-8b44-423b-834d-cf872a142d20,Wallis Orhtmann,Bayer LLC
9c833bcb-67b9-40be-bbff-08ec320379de,Florella Tokell,Cruickshank LLC
92995b4a-5abe-487e-9d89-17587c7a7145,Phaedra McLeary,VonRueden and Sons
80ba4f29-3bbd-4a96-89a5-314cd84e1ebf,Naoma Cranfield,"Pagac, Kuhic and Champlin"
e5511261-7fba-42d8-9262-d6c8e2e9145f,Dita Clewlow,"Littel, Reichel and McKenzie"
fd914bc0-378a-441f-8880-55737dd48f5f,Madeleine Augie,Jaskolski-Ruecker
51d525f7-b599-4ecd-9ea2-b14f35200d09,Beltran Cumber,Bogan Group
958da849-4da8-4767-8e03-ec4281f147b7,Shannah Paramor,Schmidt and Sons
eafa30d5-3b38-4f59-99a7-351a0c31a69c,Emmey McAlpine,"Miller, Littel and Hickle"
e1d00a04-df0f-44d3-8c7c-3e0e014df7da,Rosella Heam,Dickens Inc
0450a0ba-4978-4ed9-9d4a-74b2178a22a9,Isabelle Dinsell,Gerhold-Armstrong
531c66a4-2561-494b-a228-f81f03947f3b,Mersey Kundert,Kulas-Schamberger
0b222e5f-64d2-44d7-bb45-3bff35d4e9c5,Skippy Brahms,"Abernathy, Kihn and Jakubowski"
e74c9d37-dffa-4399-bfdd-049418f2059d,Nancee Klee,Fay-Swaniawski
71cd3397-a68c-46db-934e-1f97423359e1,Virgie Durrant,"Mohr, Gerhold and Steuber"
c9bcd2b7-45f6-4bdb-b35f-ff5d456fc06f,Jessamyn Navan,Swift-Hermiston
272f2849-d18b-4b14-99e5-ac625796ec8f,Hallie Nanuccioi,Emmerich Inc
2fd083db-7f6f-4a2a-ba00-9bd5fc491fc1,Nicolis Sandey,Durgan-Walter
03d58b9c-a11d-4e69-854b-b90c76ecdf52,Ulrika Finnick,Dickinson-Waters
7ee9b3b4-d1fa-4276-b8c2-8d6674e4a1fd,Francis Gudgion,"O'Kon, Parker and Rempel"
800cb16e-272f-4ce6-8421-2b5bb7a9172b,Nedi Nisbet,Stokes Group
403ee2d1-1ed0-4b76-b3bf-6c789c3f58ad,Rayna Whittington,"West, Spencer and Glover"
410e027a-8812-4c80-b918-e921f05b2d82,Belvia Colton,Hayes-Rosenbaum
5de3aa50-8a11-40b2-be72-0fae8487888d,Glynn Gwioneth,Buckridge-Armstrong
738daaac-b68c-458b-9224-6d7b3c6db519,Selia Quinsee,"O'Hara, Schroeder and Beahan"
4a9a3615-6ba1-4c13-a85b-976f4a0695cb,Dawn Rosi,Kilback-Howell
219b5faf-7c38-4276-b8fd-bb084904f888,Hayward Tarquinio,Dietrich-Runolfsdottir
1dade280-b503-4473-9cd2-73d68ba8486c,Roman Richardsson,"Hand, Kovacek and Orn"
135bdcad-ff6b-459a-94fa-e11325a18095,Doti Sall,Orn LLC
c750b26c-b282-4222-8ae0-88f1032bb84f,Darcie Lean,"Gaylord, Jenkins and Fahey"
89cb729e-b1de-4c37-9363-7df79bb5dcb0,Marja Points,Shields LLC
bbeb5d39-a8f3-46be-9c2c-f49e6e26503a,Tera Eger,Grant-Wiza
3f7135f8-cbf9-46f3-8978-dc3fe2ccceca,Seymour Schrinel,"Blanda, Leuschke and Olson"
8e785df0-7a72-4129-8f14-64116e583ac7,Ephrem Kloska,Ziemann-Hansen
4ff7e991-45f6-436f-9632-68af40c573fc,Darcie Prebble,Klein-Bruen
c224df86-bb31-4498-891e-7bb430acd25a,Zorine Steedman,Deckow Inc
b5c0ed87-4603-4242-9208-e556cebfd7b9,Ashley Sibborn,Hackett Inc
06d69bc7-fd8e-4f6b-8aa4-a3a220371ab6,Patrice Pickavant,Stroman LLC
c4648621-6bda-498d-8377-2e8a0028ebe4,Rhodia Pawson,"Nicolas, Kutch and Robel"
8779e0a7-9672-4f30-b85f-3670936af2f2,Florenza Aucourte,Dooley Group
fc6de176-ab57-439f-bd28-a3d7a617897d,Gerek Dummett,Lang-Schimmel
da185c9a-6b38-4fb9-b7d6-8db09075ee4a,Germaine Hardi,Feest Group
939565d5-09a7-45e6-ac60-4ac06902ca26,Sharia Schole,Sipes-Adams
6246a0a5-ad37-464d-9b29-1022b881ff47,Pembroke Bremen,Schoen Inc
a830c20b-7766-4b56-873d-610f863da839,Mose Fairham,Schoen Group
f2b2cc1e-3876-4757-8b8f-673c67b4f900,Ariella McGing,"Greenfelder, Goyette and Hettinger"
78fa3dd7-890a-4771-aa27-c07cc0b73094,Benedick Hembling,Flatley-Hayes
21120c02-8c5b-4bbb-b6f5-c930aa6cce41,Clarice Dalbey,Rohan Group
e75c336d-94d7-4b65-a210-d5be735b1604,Laureen O'Skehan,"Kertzmann, Lind and Considine"
51a78525-febf-420b-8fa5-539ccfadcf61,Ema Davie,Koepp-Botsford
5f310ff7-9d7c-4fae-943d-aaf656f5fd68,Robers Perryman,Denesik LLC
8a59fd35-0ddd-447b-9c7e-62ef26b3c63f,Jehanna Dimmick,Hand-Rutherford
80ff9791-ca05-4709-97e1-64d27799c634,Gavin Latan,"Ziemann, Borer and Kilback"
6a701743-e000-46ee-8a08-100955723e6a,Erica Howsego,Halvorson Group
801b0d94-5455-4ffe-97e6-dc6516422a6c,Melvin Issett,Rutherford-Auer
4052858e-73f0-49e7-a4a8-2e0cc20f50e8,Blair Lillywhite,Muller-Conn
c037aa79-6a96-4e0d-8d30-2d55b7fcf404,Bert Bollam,Breitenberg-Windler
133cfc1e-ff62-4d64-8924-53e4a60c8e1e,Candi Langton,Kuhn and Sons
3ac76026-8aba-4396-8db8-147d45173d47,Phylis Darrigone,Turner-Sauer
51f70d89-3cbe-4bbf-acb1-db2c6c18cbad,Cele Wheeler,Brakus Inc
457439b4-bcf4-4f94-906a-b2ae829dcb9b,Buffy Pearlman,Glover-Paucek
d94202b8-0519-4eaf-8d61-ed432aecc6e6,Sayre Raspel,Mann-Reinger
19326bad-e960-452c-9a9b-bbbb6461d3df,Welbie Sandeland,Stiedemann Group
299ec0ad-0df1-4e40-a5b9-f3720ae14b00,Blondy MacMenamie,Wisozk and Sons
50476484-14a5-4c42-960d-98b3a6a7fca7,Jorge McCarl,"Kling, Ondricka and Fay"
08dc64b8-5105-415d-a7d7-188f3b3c0f3e,Fae Shenley,Gislason LLC
93eea716-dc50-4667-8e31-6f6869162612,Petey Mate,"Marks, Ratke and Kautzer"
0eb598a4-4417-4320-a0f7-f1ab31412086,Dacey Dignon,Raynor Group
f22adc2f-d981-4adc-8151-0694c4b1a85e,Raychel Arguile,"Dickens, McKenzie and Monahan"
c4da3e7b-da7d-4b7b-a690-3240548b5fe9,Esme Pedro,Durgan-Thiel
90b13d7d-1048-4c86-8b90-1552dab85252,Burk Bilofsky,"Ankunding, Rodriguez and Willms"
c7b858f8-4047-44df-a46c-80a75b8b201b,Bell Dingate,Ryan-Bruen
f45ae54f-d776-4707-95a3-6868d8bc410c,Inez Dodshon,Becker-Wintheiser
26248052-592d-4702-af2b-9d302f0188b8,Beatrisa Melbourne,Ruecker-Bayer
2b4d4111-8795-47cc-a662-3bd6449f4254,Nerty Gobolos,Renner LLC
870cf3f0-5093-41c4-a279-fa50c61cb104,Sarina Jeenes,"Murphy, Turcotte and Schneider"
93e9d5db-02f1-40ca-aad9-c1560530618d,Towny Pagen,Legros and Sons
7c7e71bd-d6d3-4929-b214-467931700e35,Lory Grishechkin,"Powlowski, Labadie and Jerde"
d33549a6-0b56-460a-a2e8-7ff12f158f90,Isidoro Absolem,Kerluke and Sons
e4160014-5e90-4a1b-91f5-a3049d61bdca,Ritchie Heliar,Mayer-Crist
6d681a3c-b361-4a13-8364-c823ac36d0df,Pennie Mattheis,Zulauf-Jerde
ec772998-9377-4b1b-b9ac-d8bcafa44801,Alica Frid,Kiehn-White
6f1b8146-d151-4692-bc5e-b0a2395984b2,Zackariah Dobbing,Effertz Group
ccfa5b0f-f197-4f3f-9d97-2be90c18f3c2,Thurston Aidler,Watsica Group
6bbdf7e4-ee54-4c3b-8d34-210de20687de,Maximilianus Mignot,MacGyver-Rodriguez
47c42445-f519-41b0-b87a-1acfa130c979,Mavra Goude,Heller-Hansen
d8b0c848-b08b-44d2-b181-3d3939a3be30,Terrence Simmonds,Wyman-Koss
ef414dd6-4663-44a2-b194-461382432954,Link Harradence,Harvey Group
78e08c47-d2fd-4125-bd91-cb5234d1d892,Marice Prestland,Cummings-Lang
4fddc9ed-c88c-4073-9167-39f5a2459ee6,Granny Walsh,Veum and Sons
4b1f0cf8-3c1a-40e7-b28f-adee9cb783d1,Clarisse Gibby,Weimann-Conroy
f8d82252-532e-41bd-986c-7f5eb2e9b398,Johnath Seifenmacher,Christiansen LLC
03b29eb9-8edc-4be7-99be-4df0c3540a9a,Adaline Chalfain,McLaughlin-Stoltenberg
cae95256-4119-4799-873e-365eec14e907,Engracia Antonin,"Beahan, Rath and Nienow"
2cd1fc84-b6a5-4487-aa4e-21eb51e154c8,Denver Douthwaite,"Schaefer, Rice and Hilll"
a9f4c470-a1a7-477b-a89a-137865b57d31,Wrennie Doak,Upton-Kreiger
6321e805-3df3-4216-85aa-7f2e325a361b,Wilbert Chewter,"Leannon, Welch and Mraz"
19db96bf-be29-4bd1-ae02-5f6f1fdc3a8f,Reinaldos Trass,Hoeger-Zieme
a18dd5c6-072b-4959-bc8b-e020b49c8ef0,Porty Perse,Halvorson-Rodriguez
3e1ef23c-c636-4435-95df-8eb9bc9c4ddb,Brandy Veelers,Berge Group
4d87f4af-b104-41fb-86d7-49960071ba4e,Karlis Thouless,"McCullough, Larson and Breitenberg"
b8c81d36-0b43-4e98-b0ea-60f707263a17,Lilias Drinkwater,Goldner-Hand
c5b6f7d6-2c28-4c43-a4db-65e94c084d7b,Idalia Gilardone,Hirthe Group
4810fa07-b261-48a6-923e-20ce05015abc,Saleem Cattach,Dicki-Considine
d40a1002-d5f0-4187-87c1-17398e2de847,Pate Sowten,"Beatty, Lowe and Wilderman"
8b1ce123-dc20-4b83-bffa-75e57be144e2,Grier Wallworke,Langworth-Hintz
27b6838c-20a5-45f2-bf96-6c13b514b521,Casey Dunphie,"Ankunding, Bednar and Hayes"
a76da02d-9292-4880-8090-827002e3201d,Alysia O'Rodane,Wilkinson-Kreiger
b86b3e0b-d08e-4314-8577-29c787cac7cf,Elvis Stainton - Skinn,O'Connell Group
2010ab7e-6429-4fba-b2ce-cf9677a7b885,Muffin Sutter,"Mitchell, Kuhn and Legros"
51829923-e0c8-4f75-87c5-6fc01506d505,Annnora Holtum,Quigley-Jast
f1acaee8-50d3-4da2-b525-497ccdd3a42c,Lurline Sirr,"Daniel, Effertz and Rath"
746f5514-3974-4082-a8ed-77c934301ee1,Eldin Skarman,"Conroy, Weissnat and Hickle"
aa65d5ae-f203-411a-b585-86c61acaa473,Shadow Moulder,"Blick, Shields and Gerlach"
c29530d5-edb7-45f7-903a-fb9a981baf3a,Alana Fontes,"Veum, Blick and Baumbach"
dc0fb2d8-d0ef-4741-9116-62138f458055,Cheri Allchorn,"Monahan, Turcotte and Ryan"
04a6594b-5afa-4233-8fde-a8e37e488552,Teodor Saunter,Rau Inc
a932c7dc-4196-4726-b7a3-35c020f10b9b,Brianna Thornewell,"Wisoky, Bosco and Stark"
4afdf0b9-b073-4d44-8533-70bcd78baf3e,Suzann Deevey,Mueller LLC
35f684ee-586d-4539-b04f-ff7afedd13d0,Gertie Manchett,Gibson-Marvin
3cb46ae1-2785-4042-b203-994bb85f4e9c,Giuditta Ridgway,"Goodwin, Spencer and Schinner"
c63bbcff-0da5-4666-bf42-06edca94ea1c,Clarke Blower,Larkin LLC
1632cfff-26db-47f9-b2f8-ac9497c2f0d4,Riane Slayny,"Fahey, Ebert and Harris"
0626f6b4-1008-4511-a5bd-efa10cad6720,Torin Naish,Rohan-Cartwright
a9ad4748-fb3b-4f58-8c4a-c043b2b8a898,Sonny Scrivin,Kovacek and Sons
72495518-2adb-4487-8888-a696c9422574,Flo Algy,Huels-Reichel
05a8e3bc-6cae-4074-a5cd-3b8e3dd89a14,Jeffie Palay,Cartwright-Corwin
6dcc7cd0-caa1-4101-ab75-3cfb56b30f5d,Junina Lighton,Luettgen-Bahringer
86e79360-59e5-4af9-b4b2-3cebe9aa257e,Godart Itzkovwitch,Pfannerstill-Renner
9e2f347a-8349-49bf-9ecb-3b28d4eeac72,Chaddy Kelson,Mitchell-Green
4e02cd04-2e7f-41f3-a33d-61626910b47a,Demott Bucktrout,Ernser-Lemke
609a744b-82bd-455d-98aa-3765059cd7bf,Lilias Crop,"Bergstrom, Halvorson and Kohler"
aac60f76-60c5-44db-be9b-8a1a52a65ec7,Daryl Murton,Sawayn-Feest
ff1c391d-1422-456f-9384-a6107c1b485c,Storm Coo,Kuphal Group
750b382a-3276-48fe-853e-18d6667712e2,Sephira Horsted,Hartmann-Zemlak
d7c0d5dc-a1f3-4372-b639-32252b623339,Genevra Yurmanovev,"Simonis, Huels and Okuneva"
14e1c221-1d6d-495c-b05e-4b9ca6f5c2de,Aaren Du Barry,Braun Inc
985c4032-8898-4be1-8d55-b5754c250fd2,Donavon Weems,Bartoletti-Nienow
2d90a6d6-e663-4449-a6cc-4781bec21e29,Galvin Maffini,Green-Larkin
2ed169e4-db2c-4463-a067-4e12c1f15143,Ethelin MacClinton,Beer LLC
4a7db098-c01a-478a-bf5b-5155df63b4c8,Lorenzo Harrowsmith,"Fisher, Herzog and Reynolds"
8fdeb767-c0df-4996-b4fd-ecd7d1ec7522,Creight Whyborn,"Kuhlman, Corkery and Christiansen"
4e2b655a-0eba-4435-a198-d40ef705789d,Ade Bagster,Jacobs LLC
7ca5e97d-dd36-4100-b4ea-d98a958c6635,Grover McCloud,Satterfield Group
7eaacd86-7a04-459f-992d-bdde9a3e3997,Adina Baxstare,"Wehner, Hirthe and Hilpert"
b8b7eee5-2785-4a4c-8359-53bfd0032e82,Stanleigh Gouda,Oberbrunner and Sons
63720d74-09d0-4ba2-93c4-4d89194e1ad1,Mercedes Dowglass,"Weissnat, Moen and Brakus"
9e813c07-4149-4403-a3e7-da78167a312b,Hillel Heaps,"Krajcik, Nikolaus and Collier"
fb58f5fa-5326-40de-9b51-f3167b76eb0b,Binny Petrishchev,"Padberg, Keebler and Paucek"
71d80b69-d475-4812-9965-48d960d116a6,Leonardo Yakubowicz,Mills-Balistreri
d453045b-a488-4566-a24c-5f51a6eb553b,Shelby Hazelton,Brekke-Hammes
75ad85e3-887e-4f77-9264-c4fa63cfbae9,Cornelia Murney,"Howell, Dooley and Gaylord"
cb55a821-7f97-4dfa-975d-a4d83d4f5377,Nobe Besset,Pouros-Gerlach
d73dc152-4798-4081-882c-849f32c9e908,Anstice Takis,Hessel Group
acdfcc88-5d62-4814-a6e5-dae2e37e3b83,Sherwynd Scotchford,"Stamm, Durgan and Denesik"
84b61416-f05e-45e4-95e1-395d9eeb64fb,Terri Lamberto,"Mills, Schneider and Kilback"
e59b881a-f508-4a5b-9f8a-cb0aa8e218cf,Eberto Campes,"West, Graham and Stamm"
232da4e5-d006-4cac-be90-d3bf7ba258af,Dukie Corby,Rau-Hoppe
4cf8724e-bb7b-45cf-9a65-98659da7a1ec,Smitty Bartolomeazzi,Douglas LLC
5fc0b1d2-734d-430d-b970-d96d34537be1,Rochella Haney,Gulgowski-Raynor
004004c4-c942-4e0e-9968-16513766363b,Peta Northcott,Towne and Sons
d446e2d7-6995-4a3b-9576-bcba950e9630,Gertruda McGeraghty,Rath-Johns
4dc63d88-ae03-47b5-9838-241d0f5e0162,Cherilynn Carthy,Cronin-Frami
d592459c-920b-426e-aa67-fb1eac6e6ae1,Debee Rozet,Mueller-Yost
e34a1bd5-6975-413e-b947-ba1a101dee48,Robby Santen,DuBuque-Wisozk
9656950c-ac03-4f32-9102-57f808fbcc99,Kaiser Saye,Tromp LLC
59470894-e1ae-4f65-9e2f-20b9f8eb6234,Lorain Jiracek,Nader LLC
06ebc42f-ba7c-49a8-823f-e19c0c551af3,Blake Orbon,Schmeler-Haag
7947d201-bb22-4ec2-b566-02aeba06b283,Ase Wadeson,Romaguera Inc
b546ed2b-b97d-4e38-b29e-9acb29bc1dc2,Lorene Cursons,Walter-Pfeffer
b6e20a6d-f62e-41c5-87de-cb00359384ca,Damien Opy,Grady-Fahey
1302db5f-a83b-4633-9ec4-65ba425fb15d,Robbert Roskelley,"Konopelski, Bartell and Kiehn"
e155c78a-2f37-4005-9e13-f25cd787ab64,Gusta Grady,Shanahan-Littel
7608eb22-8f3c-4fc9-86e6-952d20ba1fbb,Pippa Clarkin,"Adams, Lynch and Bashirian"
dd77bd59-625b-40be-99b6-1fbee583872b,Shel Foley,Fadel-Mraz
37cfba49-5769-45d1-a03e-4a8d441e88ca,Babbie Lipscomb,Pfannerstill-Leffler
07894723-573a-4122-a7f9-872026f3d622,Ingmar Stellin,"Roob, Klein and Crooks"
62de45c1-d799-4968-8296-1969d22eea17,Brit Percy,Dickinson LLC
f253c0f2-92ec-4604-a840-f3eb2fa88159,Wendell Nevett,Wyman and Sons
7382887f-a435-4a98-9c40-43a2be3f6bfb,Ardeen Forestel,Prohaska-Kub
56b41e8d-639a-4227-9c0e-db9fa99f4f07,Max Mingame,Zieme-Shields
f07929cf-20d0-48ed-a65a-d217600c25b7,Bourke Corah,Turcotte Inc
3e4d722c-411a-40c2-9a73-c3edb3a05083,Britte Feacham,"Gleason, Roberts and Waters"
502ed57f-9264-4a4a-bf66-d73f107e19aa,Rois Bousquet,Bednar-Koelpin
bfa25d9a-0cce-4d9b-af1e-560c33e4927f,Obadias Burkman,Leffler-Leannon
e3298b22-4ab5-4270-931e-c35364b4c087,Brandy Abbitt,"Conroy, Wuckert and Turcotte"
3832c0ae-3644-4678-9f00-a8553d242d8e,Osmund O'Geaney,"Streich, Bartoletti and Krajcik"
d48cee9d-ccb2-420b-9b35-634414dde583,Lind Dunthorne,Wunsch-Stokes
a3a995d4-7fe6-4047-acdd-5d9039bcef6d,Dasya Bloy,Tremblay-Medhurst
22442b9a-403a-4b03-b625-415f6289086f,Montgomery Joiner,Ratke-Dooley
373dc492-c1db-4167-989b-1397e15b2649,Leticia Kyd,"Homenick, MacGyver and Stiedemann"
18d32fff-1b25-4e31-bb0b-3ca7752ac3b8,Clevey Rebillard,Keeling Inc
d6ec04f2-2f18-4b3b-9a0a-1acde5313a10,Nedi Lorman,Gibson LLC
49fba205-28b8-4c71-a33d-9c2d81351bb1,Amble Clerke,Ratke LLC
4880c0dc-96a1-47c2-8980-6d61dc0db31c,Fredric Eastam,"Russel, Hirthe and Funk"
c242bde2-085e-427e-affc-4c1edf974c9a,Luciano Walne,Goodwin-Heller
27d09406-4b79-48c6-b4dd-514b50e6032a,Gwenny Espina,"Quigley, Ratke and Hand"
140c8cbf-e614-46da-911e-907c003502f5,Marcile Kellard,"Schultz, Buckridge and Gutkowski"
ba3704bc-5416-45d8-9ca3-7c0d9740b1b3,Brigit Feedham,Homenick-O'Hara
1296b435-1b32-4b32-8ef3-3c0d1b08f68d,Ambrose Bailey,Wyman and Sons
5b4b59a5-a4e1-4b28-ae99-da244cc9a7ca,Nikaniki Fursland,"Jones, Johnston and Schamberger"
53819f7c-2842-4011-a0a7-9a0fa905e2cb,Reine Bullant,"Abernathy, O'Hara and Mann"
6abd9152-8f6e-4b7a-8972-0840a28b271d,Myrvyn Deluze,Rohan-Braun
b216a1fb-da85-44d0-b75a-6f58aab7a20f,Konstantine Bantham,"Bernhard, Willms and Monahan"
3b8b20eb-5b7e-43bf-9ff8-f0d4b5e28309,Halette Rentz,Powlowski-Willms
2f83cdf4-564b-4fb2-b25c-a8ce999ba77c,Hilde Waskett,"Gutmann, Roob and Douglas"
7a4c4ff0-a578-4d88-ae76-81c61e7653e6,Sid Blencoe,Bradtke-Yundt
fb94ef7c-a31f-4387-9f23-6e8ea8d43ffe,Georges Swinbourne,"Quitzon, Leffler and Hessel"
851530a7-985f-4a3b-b426-5c74e4423e02,Camellia Fransman,"Jaskolski, Reilly and Nicolas"
5d474101-c22e-4975-b17e-9fed50b32181,Luce Di Filippo,Armstrong Group
f294a25b-7e00-4906-b641-f66f0ee0d09f,Dolli Loyd,Raynor and Sons
39e173e9-9e32-4436-ad1c-0ced9676b10c,Sigfried Ingraham,Adams and Sons
cb8b17e3-6185-4306-98d4-c9841f746d51,Rois Jorczyk,"Hoppe, Hand and Kunde"
64aa896d-ec21-4967-a389-6cd664aa3be2,Gay Pickering,Pollich and Sons
e4b8a1a3-97d2-4935-a44f-1ccdfe140eb1,Dorey Atthowe,Batz LLC
e8a3d06d-c768-4739-8a81-caf486ebcc9c,Gwenneth Abbay,Dietrich-Stracke
22483f18-7553-418b-aa63-72067f8e2fc6,Cornelia McLanachan,Gerhold-Veum
0739ea81-af4d-49c4-9bf6-a0b8c1394d75,Loleta Perin,"Cummings, Mann and Runolfsson"
4a986a49-54e2-401d-97f2-2f0270e71416,Karilynn Norwell,Schulist and Sons
5216e3aa-23b7-4829-97cb-cf8561375c01,Gabe Kubicki,Flatley Inc
c5816abd-f872-4732-8471-796163a8ce95,Mead Isack,Kihn-Labadie
80de125a-019c-4814-bccb-8ca3a60223b3,Pernell Hansill,Treutel-Murazik
417c4316-3ed0-49de-9948-f7e0f614c16b,Courtnay Thaine,Kirlin and Sons
c75d9cd8-e5bf-4ed1-be66-d52b8ea1231c,Jeanne Ferdinand,Zemlak and Sons
303630b6-9809-46c0-888f-ac8056412927,Evered Gatchell,Wilderman LLC
febf4737-0576-43ca-ae09-7eca27c9474b,Sonja Creeboe,Fahey-Batz
62dde946-db7d-4e35-8e48-e58c19289014,Genna Rowbotham,"Pagac, Kris and Christiansen"
349d7659-09d3-40ce-a182-bfc5e0fbaaa3,Cynde Neame,Ryan and Sons
caaedae7-8622-49b0-a3f7-0c0590261591,Jude Van't Hoff,Labadie LLC
346dbbbd-7ed9-4514-91f0-77bdcc77c502,Aluin McRinn,Sanford-Keebler
9d63b751-b36a-4be4-b66f-dad164da25c5,Melli Droghan,Pollich-Legros
60ffb2e7-f9b7-4870-9331-4e01988a7873,Burton MacPherson,Kovacek-Schoen
3e2d90c3-847e-4e1a-8204-99cf5bcb02f0,Junina Bracey,"Stark, Corkery and Champlin"
3f7b81fa-2a64-4d61-8308-dc6c02db9db5,Odell Rosbrough,White-Dicki
fef24a02-ea61-46e8-b81b-424cd42b908a,Barny Fermor,"Ortiz, Rogahn and Monahan"
ead9c1fc-fb90-44fb-b66d-a62236bdc597,Hilton Haville,Doyle and Sons
2e389e8d-2671-42e6-9903-f46e03e43904,Salomo Moller,"Thiel, Kemmer and Corkery"
d5db9173-2506-410b-a07d-bf83ac824303,Marinna Hulse,Hegmann-Crooks
5ce9052c-864c-4826-a81b-eae945b2fc0c,Lizette Franzman,Kovacek Group
fab8eb50-1534-4bb5-ad8f-fecdea4629d3,Giulio Dukesbury,"O'Keefe, McCullough and Runolfsdottir"
e03c6e83-cfb0-4f5f-ac57-8b352ea8f8b4,Wenona Borell,Stanton LLC
6d969ba9-3ddb-496e-835f-6b381c1ddb07,Lennard Bedham,Nitzsche Inc
3965743f-ed04-473c-a0b0-cdb8483edfff,Odo Swetman,Haley Group
710e39ef-5559-40a7-830d-0dfa130dc650,Cynthia Mander,McGlynn-Wisozk
a3755e8b-481d-4279-9d2d-b10b9f606f25,Jamil Gyver,Gottlieb Group
6ee04d4f-0e38-4af3-b74d-3b6d9c80228d,Zebadiah Herrema,Nienow-Hartmann
fe81ca79-5b25-4707-9317-1b7cb2872ad1,Yancey Harnwell,"Klocko, Ortiz and O'Hara"
c2b6914d-a123-415e-95bd-48153931234e,Ina Caldaro,Ferry-Wiza
d90962b7-5277-4f47-bb5c-8ef2a12cbf45,Gretta Gilpillan,Bartoletti Inc
a66bb46b-868c-4685-bcf9-a0e566678673,Ealasaid Stuchburie,Lockman and Sons
ca8b2f2c-9cdd-41cd-a73c-83592b4b578c,Ozzy Foxworthy,Raynor-Prosacco
5b04b373-9bfb-4d77-948e-56dd9e172ee4,Euphemia Bartoszek,Fay and Sons
a8d93742-5f2a-4e0f-a3f1-faff43d5c752,Chrissie Fundell,"Dickens, Robel and DuBuque"
977623c5-1d47-4225-a74e-77d34b81a327,Siward Stoves,Kulas and Sons
998e6b43-4557-4d45-9bf2-066f0fb873e7,Osbourn Brinicombe,Pagac-Welch
4b3c9526-ac30-40ef-be6e-7fc783d4d70b,Remus Pettifor,"MacGyver, Reichert and Borer"
bf64eb1e-6844-4902-8640-0d79e73b01ab,Grethel Oris,Pfeffer Group
7a193461-51ab-4825-94f9-f0fa7b7dfed3,Teri Stoffer,"Strosin, Cartwright and Kiehn"
c6da692d-4e94-42c8-83f5-11204cf57075,Austin Gorch,Herzog Group
4d263697-94bd-41ba-aa97-6c1b9742161a,Willetta Chaytor,Ernser Group
e4e60930-a3a3-4e71-bf0b-c611dc119ea0,Bette Sutliff,Walter-Hayes
ea9b3d47-f2f9-4d73-977f-24d53957d3c9,Dorisa Kidsley,Rempel-Lindgren
55b2185c-92e6-4495-9707-8a857fe35c19,Regine Eltun,Donnelly and Sons
dfd1079b-311e-40a2-91a1-9511fa3f2d13,Alejoa Humbles,Borer LLC
f6d2fd5c-ef26-4a12-94e8-c0a9a3a6aa97,Dulcea Howerd,Abbott and Sons
7a782bef-1dde-4aaa-b5a5-66c6f63881e5,Worth Ripper,"Ziemann, O'Reilly and Batz"
3891376e-1870-4966-ae8e-79c741ed64e3,Karalynn Jann,"Prosacco, Zemlak and Shields"
6dc2f16c-7892-4c9e-9e79-f0954be61b04,Iggie Taunton.,Koch-Moore
61759562-9344-4db8-a99b-f60ad36ff856,Emma Leivers,Green-Heathcote
81127312-cfff-4924-a44d-8c8f5d8bf755,Martainn Parslow,Muller LLC
431757e3-c6c2-42d6-8c66-906029b0149f,Base Teresa,Trantow Inc
43fbc3b5-11fd-4ca9-8a5f-5d5beff35de6,Kennie MacLaughlin,Parisian LLC
c9f3fb57-5a0a-4b63-b9e9-07298861e2a3,Arlette Bamblett,Jacobi LLC
c969d71f-6bf7-4eec-8f90-48c06d55e167,Gerrard Gerant,"McKenzie, Steuber and Jenkins"
4c6071a3-2fd1-49c6-b17f-8a09bac2c21c,Karon Ingerson,"Little, Cartwright and Ortiz"
7fc3933e-8c15-42bc-945b-26641671b2d3,Carolyn Bourdis,Champlin-Bednar
21e40863-a573-4e2d-9ccf-5d952854c1e6,Elroy Zealy,"Renner, Lowe and Russel"
6f44e515-81ab-424f-8fb9-021c7867cf95,Bud Gantzer,"Doyle, Volkman and Littel"
dd375324-79eb-4cf2-bcad-fa5a2b0ff642,Ugo Longo,Kshlerin Inc
8c1eafd6-761c-4288-92d7-181e76d0edf2,Dedie Reynoldson,Mann-Farrell
255f2f2e-1f8c-495f-9968-616a956559f8,Alano Godman,Bernier Group
3e1e5221-9918-4a52-b2d3-c4b51d0ae346,Jacquette Gerren,Blick Group
7c09155a-ecee-40de-a915-29d0972b0a54,Mikaela Aleshintsev,Streich and Sons
d762c77c-b627-4e5d-a684-a120ebdfeacf,Siusan Ligoe,Pouros-Weimann
0a794763-f180-4680-afe8-af2b5cc0418d,Stearn Klimes,Ondricka-Feeney
a507a438-9eab-47f1-9037-67cc7d7f78f2,Farrand Utterson,Franecki and Sons
15b92c68-81e4-4d1a-ab86-00606bce98c2,Amandie Brandolini,Crona Inc
bca79a08-d16e-47a1-8678-6d80c0eebeae,Bale Fish,"Braun, Willms and Harber"
783b258e-a296-47f7-a59d-21c3f0c0dfe2,Emmy Barnwell,Waelchi-Kozey
124bc407-30cf-479a-8ef0-a14521d4886e,Eden Ferrarini,Graham-Collier
b86143c6-92af-4d46-8e69-da45b4748cff,Kermy Angrick,"Schumm, VonRueden and Goyette"
bd11dd5f-21f1-4661-a553-e8d7c72e3b5d,Floris Fewless,"Abernathy, Wisozk and Bradtke"
2bd27ad4-f92d-4be5-834f-fb36bd4969a7,Candy Heady,Mann Inc
1e977a63-6f6d-45a4-ba90-61f8886ee432,Kenn Rarity,Nolan-Flatley
acdb11f7-454d-482d-b8af-e8838b9baf8a,Deena Malletratt,Feest Inc
dfd2d807-de01-46b3-baec-a5e3b33e4a0e,Del Orme,Flatley-Lakin
93ca0dc2-82b1-4af9-97fb-f65a1f4d94da,Parry Klemps,Goodwin-King
7ca55da4-a2c1-4d7b-b1e5-eaab7dac5115,Tomasine Clowes,"Beier, Swift and Rutherford"
40a5d12b-c538-417f-ad77-9ab00f1f08a4,Sheilakathryn Tutill,Gaylord-Von
4bdb3b66-cb94-4b30-b827-c6abcd2ed921,Carena Jendrach,Flatley-Haley
61bc88c2-f1c4-4823-94e5-005cb4600e0a,Annette Gronou,Lockman-Fritsch
25537101-2abb-4940-ace3-0a0dd1f178fd,Crissie Pridham,Orn-Langosh
9064e8f7-7780-480d-a848-8eee4e6eb92e,Dorelle Aizikovitch,Funk Inc
5fd2cec0-6148-40a0-b055-2c0f4785e53f,Tamas Minucci,Sporer-Dach
4afbf21e-2ca4-49ec-87af-b6752c9ef48e,Gretna Balwin,Wehner and Sons
de7a4b3e-0643-449c-b779-7c0bcd356b38,Anissa Chardin,Bartell LLC
c1857ec2-d5fb-490e-987a-2d9cb262b5af,Florance Leyes,"Grimes, Waelchi and Howe"
6b1507e0-c4f0-4ee2-a775-59e0bc186599,Ileane Heinish,"Rolfson, Pollich and Fahey"
eb38d021-bfe1-4ab2-8e82-c8532f956bb8,Mayor Pearn,"Mraz, Effertz and Skiles"
03afa8cf-e959-4eb3-8d45-2364d04cf0b3,Timothy Southall,"Hilll, Runolfsdottir and Torp"
7355db73-8f14-4fbd-a7b5-d741b3d6fbf6,Elnora Richard,Barrows-Rau
d12aa125-5de8-4a5b-a914-4addfacc13b7,Clayborne Chansonne,"Torphy, Buckridge and Kohler"
d25555b5-e858-4197-bef9-0004378168bd,Aaron MacCurley,"Mayert, Gulgowski and Dooley"
9254c0ba-de9f-4b20-bc3c-27c064c169c8,Jemimah Adamczyk,"Walter, Pouros and Funk"
a4335f13-936e-4f8d-9740-e3a122c9e120,Vonni Fiddyment,Zemlak Group
298c2fb0-f3ef-4fd0-9395-00e52e3517bc,Mace Witling,"Douglas, Hamill and Donnelly"
79c5e064-0cf8-48fe-bf2b-285885b92d53,Joachim Jaxon,D'Amore Inc
6e5fc711-a018-4880-980f-00bd75c3d789,Suzann Boundley,Waelchi Group
ea1780b7-cf52-4741-b951-cc9b7686f68f,Augustina Bullard,Gerhold-Mayer
a44ef4c1-bbf2-4b16-bd82-e8b6a79ec7a9,Stuart Judgkins,Kemmer-Grimes
73deea9b-287e-4f5c-8e7d-a224005a2d6a,Aurora Munton,Littel-Kuvalis
5ffae14a-1e8d-44e9-9b35-5515b906381e,Andrea Malyon,Lebsack LLC
0733ed0f-8cb4-4455-abf3-b9c10158595e,Johnathon Van der Daal,Heidenreich-Zboncak
39347727-ad04-4624-a839-3521e0b07a83,Zorah Franchyonok,Lind-Anderson
0b67357b-2122-4590-9c2d-9369be94bd30,Babette Ochterlonie,Lowe LLC
3a051c1a-85cd-48bf-b44b-6138ffe8c3da,Adelind Kornel,"Legros, Kirlin and Bode"
3626a2af-c0ba-483a-ace0-2c3b790a7a8a,Keslie Cushe,Hahn-Gusikowski
a85fa6e9-8e05-4432-89cd-e175bcdda973,Laurette Lynn,"Ankunding, Torp and Runte"
f5d1cbb0-6062-476a-bfe3-a9a657993c6c,Charmion Tape,Ernser-Stehr
bd05f797-00ce-4e7a-8d2b-a0d678e43661,Shauna Kinge,Welch-Dooley
352f1012-887d-4b9c-b124-df21a074554d,Robinia Waddilove,Watsica Inc
eb833483-dc60-440a-acb2-bacb0a70c9b0,Isabella Triggol,"Hessel, Zboncak and Cormier"
6af51cdb-1269-476f-98c6-dcb7e75dd9a8,Betti Wharf,Walter Inc
6d610c7a-3916-4497-99f7-7492b944f643,Rhys Batecok,"Metz, Leffler and Rutherford"
4abc88d6-a387-4270-bf55-03650788bb32,Adan Eydel,Purdy Group
7477b562-d672-47b0-a4bc-80d2343cb91c,Lurline Goddert.sf,King-Lind
98469a4f-f9e5-4afe-b2a1-729581c15085,Terrell Gertz,Harris-McDermott
20f3414a-b60c-493d-a466-8859d9272f21,Gav Gladwell,Lind LLC
965be9d0-3196-4b8c-b26f-ee6e1b888fbb,Barbara Petrovykh,Welch-Wehner
0d5dd651-4bcf-4c14-9588-5265c005e0e4,Venus Record,Kemmer-Hodkiewicz
78525881-4500-4576-a664-a03464d6a3a9,Huntington Tonner,Howe-Schuster
ff04154d-8baa-41af-8dc2-52159189c32f,Griswold Mordey,"Schmeler, Gerlach and Senger"
e7ae7090-426d-44b8-92fb-54bdee9b7c73,Hyacinthia Burgum,"Roberts, Runte and Hudson"
a0f6c6a0-078f-41be-b835-30cd391b968c,Garvey Skrine,Durgan-Ledner
bcdb372a-eacb-4123-83a5-ce5f20961793,Courtnay Richardson,"O'Keefe, Veum and Hackett"
b796ccb3-87f0-4f8b-9600-f71e8e5c97b7,Amy Capp,"Rogahn, Kuhic and Corkery"
53a8a947-fdd7-4a7a-9636-788d9c98612d,Francene Pittet,"Schroeder, Skiles and Schuster"
eaa91dd8-5bf0-4940-85ad-dff9a960a7bd,Carilyn Spellecy,"Denesik, Nienow and Bechtelar"
cf612710-6246-4ec2-89d8-39bb3084b987,Elias Ilyas,"Purdy, Grimes and Breitenberg"
189e117c-8e56-4fb8-89a2-31998e9a33a9,Rickie Boother,McGlynn and Sons
7e24bcce-57c1-4d96-9b00-8a0246685b12,Coral Tomaszewski,Waters LLC
5253ac2f-d758-426d-b789-2343575104da,Alyss Egginton,Wilkinson-Kassulke
2ff8fec9-37af-47c4-9a54-b1d51b356373,Drucie Utteridge,"Corkery, Baumbach and Collins"
1a8e8540-b85c-4232-a66f-1afbe94f9a17,Joye Crenshaw,"Bartell, Shanahan and Bins"
609b9dc4-9c51-4166-bfbf-6b4f5ddf6c36,Ammamaria Bucklee,"Eichmann, Lubowitz and Gutkowski"
8bc31251-c612-4ac9-b699-385c89e112c9,Shir Tolley,Deckow-Beatty
69573434-4a92-4144-9f2c-7f3825b2ded0,Chelsey MacGovern,McKenzie Group
bea0cc58-586c-4aec-808d-8ab3e71cc90c,Gates Spadotto,Dickinson-Hills
1038ed15-9c62-4514-8437-f33321da4597,Bernita Burroughes,Kuvalis-Zboncak
3830a920-65e8-41fe-bbc5-0a7034bb2def,Brunhilde MacNeilly,Gleichner-Hahn
32f86e8b-4d72-4bbd-acf7-faa4a5c5780e,Leola Older,"Willms, Grant and Farrell"
d85f283f-6d7b-48c8-9b7a-6a8a307b8373,Tandi Salla,"Ortiz, Franecki and Nitzsche"
484b562c-10dc-4512-aa9d-bfff88481fcd,Nonie Calley,Nader-Kohler
c1d9424d-cf1b-4363-83c3-7a351003466d,Gregory Brindle,"Davis, Considine and Lind"
d9480348-a31a-4eb8-83ac-87dbe78d53ed,Alanah Rowlinson,Conroy-Gleason
5695c106-c2f9-4198-ac73-16d507f2d2b7,Jerri Falk,Pouros-Doyle
388b6756-5f55-4a89-b692-7ded7bc94ebf,Roderich Clears,"Sipes, Corwin and Lehner"
a9d5dfbb-9dd3-4cb4-b11d-75d9a6d89516,Noby Veighey,Bosco LLC
75c30425-90de-430f-9ba2-1f0a8bf45c03,Wilden Cullin,O'Conner-Heller
5b3a7b91-4ef0-4cde-886b-bf9d4a6612a5,Dolley Coultard,Grady-Ziemann
2b5cae94-1185-459d-89ae-88b5f5a09bdf,Thorpe Burtwhistle,Bauch-Hilll
27fe0d8c-e5f9-45c2-bf42-736566a36241,Jaimie Pittle,"Pfeffer, Lowe and Kuhn"
e2a8334d-0f0d-4f14-8c35-786f0177959d,Fin Hambidge,Torphy Group
da124208-c121-4aee-9375-3f65a6463f18,Aurelia Gartside,Reichel-Block
a29b7ca1-ebe1-4849-9e49-6f0133ddca78,Buddie Ackerley,Goyette Inc
3f62ba08-a622-42f6-b4bf-cec2bc85029f,Erwin Korpolak,"Braun, Crooks and Larkin"
b57c0639-a519-4a3f-b679-0d311fd588c0,Tabina Banker,Turner and Sons
4ab8514d-52bd-4f22-85d0-f92b041561a9,Jacinta Narracott,"Schneider, Fahey and Lakin"
e21f439c-c9b9-4480-9760-236f8c797cd1,Carol Craddy,Batz-O'Connell
ad5daeea-4678-47f7-b5f3-bb686b92b9dc,Karalee Cooper,Zemlak-Windler
03d750b9-1dc2-44b1-878c-6a302837ec07,Fleurette Horrell,"Stoltenberg, Hettinger and Labadie"
9f11f04d-4e70-459d-a53f-736591c7017c,Asia Kleinhaut,"Rutherford, Waelchi and Hoeger"
64bd4e26-debc-4ced-a86d-5d314b46e10c,Nichole Leverentz,Wehner Inc
09e85b86-42d6-4938-8b38-3a9228299c6a,Kassey Argrave,Rutherford-Mayert
c6b13f88-f67a-4214-999a-a191985cc8ae,Mufi Terney,Franecki LLC
d9599d86-6fe5-45e7-a604-71436c09a1bc,Kirstin Warmington,Kertzmann LLC
729490a6-87c4-4288-85b4-b258e7e9aaf4,Fredra O'Lennachain,Lind-Fisher
d9e92c7e-d84e-4647-b150-9ad5c0a2a532,Antonietta Sandhill,"Erdman, Volkman and Grant"
b118efc3-2b22-4d7d-8a14-73040ae44d22,Paolo Eborall,Kihn LLC
473aacae-d6fa-4407-9b56-472037b05276,Mandy Bexon,"Cartwright, Donnelly and Homenick"
dfd4a2eb-43af-4843-bc4d-5f3af8541d94,Ainsley Wison,"Vandervort, Kuhlman and Lindgren"
5bacf9cc-9121-4ec4-8048-e11b264f260e,Nikolaus Longstaffe,Cronin-Purdy
749c94fe-b7a8-4410-baab-9920f46d2e19,Boyce Peasee,Goyette-Skiles
da87b12d-5413-49ac-b966-a3e2c847a584,Ara Illingsworth,Osinski LLC
c4ec7944-cf17-4d5c-a32c-f57c824aee6d,Nowell Duran,Carroll Group
4a085003-be74-4f57-82f3-4b0694ca3bfd,Ramonda Pellington,"Skiles, Hammes and Koss"
ebd5a5ce-4b2d-4031-af41-bb608509b55d,Roderich Gosden,Kiehn and Sons
6bbfeeeb-4dd7-4638-b456-b8f9cc520b10,Farly Copnar,Little and Sons
52d669bf-041c-4cb8-8b45-bf46202ccccf,Zahara Kidgell,Veum and Sons
e60d84ed-5410-4213-a788-8ef75c441d3a,Michael Kisby,Borer-Auer
371884b9-23ea-475d-aa29-cc681ed6f44a,Maegan Frensche,"Veum, Greenholt and Champlin"
5adaa729-3612-44f4-918d-01f3c1b0691d,Wolfie Sansun,Jacobson Group
337b08a1-6733-4c15-aff3-048a0e44994e,Justin Brasener,Crona-Osinski
860408db-eb97-4759-87bd-3a65f497a318,Sarina Minero,Hamill-Bergstrom
fb36c79f-5b72-4403-b31c-c3bed930d5d5,Miltie Baudic,Langosh-Corkery
7b23b480-b593-43d6-b0d6-ab43b8f33e91,Harriot Sitlington,Mayert-Johnston
5846966b-cc69-44a5-b45b-e56bf687ce89,Harris Jerok,Stoltenberg-Stroman
ee5f6531-46c4-40fc-97d0-163886f44bd8,Corry Cadd,Jacobi-Mitchell
b848fc03-f234-4583-8524-a5cf9d5e87ae,Hastie Rylance,"Stokes, Rempel and O'Kon"
70c5bc90-12ec-423f-b501-568d976c8564,Asia Thandi,Barrows and Sons
20b5d7c7-d493-4461-ac6a-5416ce4ae0a9,Maitilde Carrick,"Gleichner, Upton and Stroman"
3938a36b-3044-4eee-813f-a4030c6f54d1,Melva Moulster,Wuckert Inc
c1c718e2-5827-42fd-ab5a-5be393b9a73e,Aubrie Cariss,Terry and Sons
03171067-a1f5-4b15-836c-2dfbb91bcc9f,My Blinder,Goodwin-Moen
958ce11f-2347-4f24-9301-1a8eb2f4adc4,Cathlene Doe,Bernier-Casper
3db10452-1148-4534-9704-3befdc877772,Kimbell Furby,"Reilly, Little and Mitchell"
70401896-8ae1-4a33-8b00-d2aad79b5cad,Teddie Heale,Flatley-Williamson
72596c44-74e6-4983-9587-42d1e6bc88da,Caesar Klampk,Douglas-Zieme
855b7b68-507b-499e-b5b0-1e873b5593fc,Ingra Stebbing,Aufderhar-Kerluke
b33d4f30-e65d-4590-bb0d-2b8cfafdbb9a,Mile Kidby,Nolan and Sons
40be30fc-b862-4de9-ae3f-5f04d774ac08,Maegan Monks,Davis Inc
37ea865d-82f2-44bc-a684-24aeb6dab01a,Hewe Matushenko,"Greenfelder, Hoppe and Gaylord"
f6eec741-e19c-48a8-8861-0c8b6f9ca54d,Marietta Reina,Ryan and Sons
a3d4fbba-1001-4de7-b90c-3ea09f11986f,Freemon Strangman,"Hand, Parisian and Moore"
055ab43e-3ff0-451f-a0b2-1894d6cde179,Odessa Rohfsen,Fay-Mraz
c8ba8282-e0f7-4928-bd38-d23309e7449e,Corine Joyes,"Murazik, Kessler and Moore"
e8948d1e-af0f-48dc-9f3f-a5809353b6e5,Etty Bowhey,"Hermann, Volkman and Wolff"
c5592ca4-c08d-4977-80fa-3c13b299d801,Zackariah Folker,"Rogahn, Prosacco and Connelly"
a401e4f6-fa99-4c5a-9594-846687d96021,Emogene Duffield,Wolf-Ward
135ccf1d-6f7b-4183-8f06-e336484f7b5f,Torrin Challenor,Upton-Mueller
a47215a8-96fd-4cbe-a06c-06cd346aeb18,Yetta Jacobson,Weimann and Sons
4124add1-a63e-4f2a-a9b5-fa949bcada50,Marjie Crunkhurn,"Yundt, Sanford and Nienow"
d0084973-9cd1-4f57-82f3-15c44bfd4952,Dede Godsafe,"Effertz, Pfannerstill and Koch"
b3314e6c-08ee-410a-9ef0-ccd474537f8d,Fanchette Sehorsch,Lueilwitz LLC
39d628aa-6133-494c-ae35-9080a8c738c2,Lenora Covell,Effertz-Auer
da156a9d-4c85-435e-a5f7-861562e7214a,Alie Volks,Watsica Group
8f700a5c-8b58-4579-84d3-1fbfe740a42a,Amory McSwan,"Tillman, Reynolds and Wilkinson"
4aa8db8b-b3c0-4f20-8ef6-bf058b199a0c,Olympia O'Scanlon,"Champlin, Schaden and Barrows"
66d208d7-f701-4c91-b4ad-c2610299e2d0,Juana Robet,"Stoltenberg, Kunde and Breitenberg"
53e8e639-60b0-44fd-b551-9e1cc71f2643,Lynn Fishlee,Keebler-Schiller
94e67d22-d67e-46ba-89ce-64b024458bce,Cory Vany,Gibson Inc
c719be24-6470-4842-83d3-98914782fefc,Any Jorioz,"Gerlach, Oberbrunner and Upton"
5b20737d-3541-4975-aef9-f73c5a27dfd5,Selby Dewsbury,"Gaylord, Rippin and Rowe"
302d5db7-432b-4864-bd51-355d9c74744a,Collin Betjes,"Walter, Wuckert and Boyle"
e7cf6ac0-3048-474d-a4ce-d1e2cb70064a,Orin Pelfer,Daniel Group
b54f9936-50a2-4afa-a943-17e1997715a2,Kristy Quipp,"Wuckert, Turner and Leuschke"
0d556434-5fde-4c32-8e6c-654cc19bd9f3,Nikolia Guinnane,Cormier-Price
8601b374-8be6-46a7-a31a-127213be5bb3,Frederico Ozanne,Feil and Sons
dec07402-cdee-4b40-b1bd-931e94a1e81e,Bibi Daburn,"Reilly, Hamill and Nitzsche"
fdad38a8-d020-441a-9111-1d440cc299d7,Dag Bamforth,Powlowski-Denesik
3f38c248-1679-41a9-9332-83d8babc61e9,Molli Debling,Hermann-Rau
69db90cf-2e6a-425e-80a2-641ef08f73f6,Dionne Ibanez,Mertz LLC
35947b64-dc41-4146-beda-32893ecf93d3,Fred Dooler,"Ward, Wintheiser and Smith"
c62d0848-411f-41d0-acf9-4d80386593ec,Harri Oattes,Greenfelder-Olson
900d6999-cc2a-4ab9-be81-0503d5bf2c68,Ardys Stow,Stark Inc
05c0c123-8cf2-4788-9a95-7784904f7f51,Jdavie Radoux,"Mraz, McLaughlin and Goodwin"
2dd32e68-9de9-486d-992c-c59b415e2a5c,Sawyer Wheble,Bartell-Baumbach
6a3bf697-62fe-48e2-8558-ad66a0f463ff,Warde Cholomin,"Thiel, Buckridge and Koss"
6f6587f2-17a6-4997-904e-6acf87f2ce6c,Beverley Felipe,Flatley LLC
417cbeb5-eab3-4d20-87db-74a1ce7b1173,Kippy Pimley,"Tromp, Konopelski and Jakubowski"
aa94ba55-2368-4b05-9559-ae545085fda0,Maridel Amesbury,Hessel Inc
64987c36-e125-4d5d-a513-432ce18ae81a,Lauraine Ibbeson,Bode-Dietrich
d4cd2fb1-fb57-46cc-833d-7a43b5b22821,Thatch Habbert,Funk-McClure
b99389ab-eee1-4d06-821e-708ab893b0b2,Wanda Harnwell,"Heidenreich, Sanford and Volkman"
606968e0-48fc-4a05-ab96-89ffd701bdb3,Aura McDugal,Wintheiser-Schimmel
dec73b74-b8d2-4141-82ca-d61fe085901a,Virgie Borsnall,"Morar, Harvey and Herman"
b7a12df7-c5fb-4246-b004-9ef747388a28,Avie Lathan,"Thompson, Mertz and O'Keefe"
03db39af-6512-484d-86d8-1b1450fa09a9,Rolf O'Hdirscoll,Cormier-Stokes
d7074611-66ab-4e91-8ff6-e5593c359329,Huntlee Underwood,"Becker, Smitham and Wilkinson"
b7ee7e60-a26e-4a1b-88e2-5ea3cc5d1acc,Chloris Andrus,Mertz LLC
0dee1ea3-3a35-406b-b294-56d4acd66026,Iain Shillito,West-Rau
b8068009-179f-47c0-85f0-c58c242fe7fc,Guinevere Yoodall,O'Kon Group
0deb3ffa-9433-46e6-a3a8-5d1553f12ff4,Regan Tommei,"Witting, Beahan and Dickens"
35f34521-4420-41a6-a931-0e2319d9a7f6,Minda Ion,"Corkery, Hyatt and Bradtke"
74457ae3-9b81-4f6e-aa99-3b91ce79db98,Lelia Yakovl,Simonis-Howe
c14bc1e5-5593-497e-8dba-d9de7f43235c,Charmaine Bysh,Larkin and Sons
b6a55570-7c5a-4cb1-9700-7fefb62874bd,Haskell Hyde,Runolfsdottir-Hermiston
f58570ef-39b1-4b93-8f98-f5b14ca44a2e,Katharine Aristide,Yundt-Altenwerth
e73e138b-4836-48ba-8742-c310589ab43d,Willie Ducker,Cassin and Sons
ceb2e337-ed1a-4e40-95af-9f7ae5074212,Harvey Phil,Ritchie-Roberts
d941d3d7-894b-4087-9711-1bfcc885ca63,Alexis Fransinelli,Kuvalis LLC
89eae5d5-3097-4c63-9229-d619139a14f2,Clare Beeckx,"Thiel, Cremin and Auer"
e7d4153f-2385-4dd8-9794-7db617d49ce9,Alanna Wadeson,"Herman, Williamson and Keeling"
96ca5add-a2e3-4499-9f03-14cb2462574f,Meggie Pinner,Olson-Pouros
e2e181cf-d14c-4204-a8d6-338ba30b403a,Issi Flukes,"Hamill, Reinger and Pacocha"
46b32483-a926-4c59-b0ef-4699a5e67bcb,Cordey Lissett,"Orn, Kovacek and McLaughlin"
b40eab68-6827-4f6a-9a2b-d1ce286aab40,Dorette Gherardini,Ratke Inc
66a6ee41-f8d6-4ca0-a008-7a3f5741b7bb,Farly Somerscales,Hackett-Bechtelar
cc1e3ea6-3315-46dd-9b0e-2f76765f2490,Tammy Corpes,Lind-Bailey
355ad95e-c6e7-497c-8433-aa265345e2b9,Jonathon Platt,Block Inc
3a3c8826-baa9-4b2a-9476-8a818af766ef,Graham Exroll,Runte LLC
742c08a8-f902-4884-8c39-a6a7567a9b90,Keen Babon,"Dare, Kutch and Rippin"
5c8610ff-1f2a-43d4-a9d2-a656b0981a67,Liz Houndson,"Kiehn, Leuschke and Lynch"
f796b2fa-fe34-4e25-aafd-6e2fef5df6f3,Fayth Simmance,Rice LLC
00aa7074-55bf-4047-be24-2d48010d9f7a,Aubrette Swire,Ebert-Kris
ae7d36a9-1c8e-46c9-b24b-76acd5d86c3d,Isak Meys,Russel-Johnston
8d1f735a-1c1c-4e64-93bc-31bc0410daea,Halie Entres,"Smith, Cole and Beier"
f12eb391-7db1-444d-b741-0be4e739058e,Judas Celler,Franecki Group
d0cee94a-2b6c-4acb-8990-aa57ac1c1b73,Nancie Sallowaye,"Stark, Klein and Pollich"
53756d68-9372-4d53-85c5-ea38ab51804e,Cleavland Banyard,"Feil, Wolff and Ernser"
3bae80be-b4c9-4f88-9a07-27a347d4c514,Melloney Boddy,"Deckow, Wisozk and Kovacek"
863a9b81-c3e1-471b-a774-f48142ad39a4,Bernadene Rolland,Weissnat-Weber
39f9bde0-d66e-4896-9084-9ce1aa6559cb,Veriee Moryson,Runte Group
ae6d5e12-1011-42e6-9be1-a219feef5f8c,Clemente Trobey,Veum-Homenick
320ecd4b-1a89-4979-a0f3-7c0b801992c9,Jourdain Hertwell,Kuvalis and Sons
da37c16b-fb81-4de9-a38e-da794a0f973a,Raviv Gilfether,Treutel and Sons
32207f37-3449-404a-ac36-73580f3d0d58,Rosetta Syfax,"Lueilwitz, Prosacco and Strosin"
3f6253fe-318f-4d58-92cc-c0035cc44cc1,Marybelle Weich,Beatty Group
f702d33f-4254-4728-bcd6-41d43eef2577,Rey Alman,Kohler-Armstrong
7460f1c5-e7e2-4359-9d9b-4d734ee30aab,Lorilee Arthurs,"Kerluke, Steuber and Schamberger"
d12ad365-2e0c-4cfb-8ba6-0ae8aedb6c59,Giustina Copperwaite,Macejkovic and Sons
4a476cd3-6449-4464-9b22-ff3dba85b8b1,Ulises Karpfen,Hegmann Group
9c9483ea-5996-4597-8f21-44f4dfd88a92,Danna Reimers,Gulgowski-McDermott
53a0f842-48c9-4e89-8a9d-315da7edcfea,Retha Veschambre,"Champlin, McLaughlin and Rowe"
00a99716-ce7d-40cc-a1ad-be5f3ced5b39,Adey Baumann,Lemke LLC
18a427f2-e6b2-454e-b047-624786ee95e4,Samuel Harber,"Johnson, Kreiger and Hintz"
7a1bfb22-44d6-474b-8a93-a120faf774e0,Ade Naris,"Luettgen, Wiegand and Beer"
3d2e509e-b76a-40d0-90ca-df01901e3c6a,Eddy Lumpkin,"Weber, Kertzmann and Fay"
96bbaf23-a82d-4b40-b08d-44b55395598b,Katine Haycroft,Kreiger-Bosco
82afa3a6-be7a-44f0-aff7-e7dc9c972ea5,Rad Illingworth,Schmeler LLC
ba404daf-59fa-4290-b356-ff374b49f45d,Hedy Gutowski,Kassulke Inc
9083afb0-03e4-46b9-aa1d-f66b3f87765d,Isa Tuberfield,"Conroy, Reynolds and Koelpin"
fcab0a37-d594-4c90-ba6c-8294875cfda5,Codi Gidley,Mitchell LLC
65de6ea5-6806-476f-8c00-8850f936f15e,Dorey Cassey,"Mraz, Conn and Prohaska"
c98fab73-04f7-4504-ad0d-343cfe1b9e18,Thomasin Filippov,"Watsica, Tromp and Ferry"
de053c78-64bb-4705-b7db-8b83319e9171,Vassili Paulus,Schiller Inc
feef2384-e6d3-4e8a-8197-f7eb8ea91aed,Al Ray,Treutel and Sons
6acc2e2e-314e-4bec-9891-7158176ffbe8,Chance Luety,Mueller-O'Conner
7f4a8995-cdc7-41f1-85d4-2fbd797bee23,Giralda Dutson,"Kub, Olson and Konopelski"
b8ff9dd8-0ca2-4c91-b7c4-c6f215bd1750,Wilhelm Meardon,Yost-Kris
33e364a8-35b8-40f3-ba3e-a5743f33c993,Babara Lyle,Goyette-Windler
04f53265-d762-4f52-b071-7b631a1b8885,Melicent Jakaway,Marquardt-Mante
43d574d3-ec5b-47eb-8704-d9644bdd840f,Camel Sugar,Feeney Group
7a4800cd-5d5c-49b9-876e-82842550bf22,Barby Tipple,Towne-Welch
2ba36b7b-8f80-4e4f-a072-cbcfe9bcd381,Allyson Neary,"Von, Labadie and Lubowitz"
8d52c5b8-829c-4d09-8604-d0c4bd0c0a12,Magdaia Dunsire,"Hettinger, Hoeger and Grimes"
9cd31443-6673-4fb9-8896-3fd0db840ceb,Tye Tropman,"Padberg, Lynch and Spencer"
4d9b384c-24ce-4bde-b11f-1ad312bbc564,Scott Ciobotaru,Luettgen Group
23fca6ef-4fcc-4a0c-8b14-dc371f569d0e,Trev Clyma,"Bruen, Effertz and Labadie"
ab9dd680-be27-4e6f-849c-5352c93c9dcb,Kalila Bierman,"Hammes, Weber and Hodkiewicz"
e87c7463-6b01-4eb8-893d-78245fa8b49c,Edwina Snare,Simonis and Sons
d7bc2f66-bc34-46da-a6ee-cfeb715fddb7,Jozef Matovic,"Ritchie, O'Kon and Wilderman"
6b9be33c-fd5d-480a-880a-ee5fddc46f41,Lyn Schuck,"Sauer, Farrell and Schultz"
76879305-ceff-4fc7-a74c-bcb80d38b149,Nana Short,Ward-Kessler
5f69ab12-c901-46c8-adb3-7541159789a1,Amitie Drinkale,"Hyatt, Mayer and Hermiston"
2d231265-50e7-4ba3-b1b4-7eb505c2d97e,Jacki Gillan,"Lemke, Pacocha and Terry"
e8bc9aae-f52b-4553-843c-c294be9a4f01,Dyna Arnao,Altenwerth-Greenfelder
fab0ce11-520b-4287-89d8-162516fde05b,Joline Moorey,Pouros-Goldner
b6db96e8-10be-4909-8bd7-3840820a0b2e,Isac Halksworth,Hills Group
89fb1ab8-5c66-4880-90df-6646f9ecf9c6,Dasya Ruslin,Bashirian LLC
0a7ac08f-2f9a-47f5-8428-a47c632b8efd,Modestine Stuffins,King LLC
de4f0deb-d25c-4651-b00c-1db6b429a015,Guthry Smitheram,Gutkowski and Sons
507778b4-73d5-4264-9eae-2fa547476964,Cloris Talby,"Beatty, Schoen and Thiel"
ee80d978-f73c-4c19-8cb6-9043f061f6f0,Salomon Lapsley,"Skiles, Bayer and Bruen"
afbc3aae-0007-40b2-b61e-cb23f9d52b31,Barthel Bass,Effertz-Hahn
50cf3255-ab01-4d30-9c3c-b6fa5337047d,Sigfried Spedding,"Gutmann, Zemlak and Littel"
dd1a4667-91d2-4bad-b6c7-7427b47ccee2,Margarethe Baudains,Schmeler and Sons
3b01438c-a380-4492-8171-6029cad1b2cd,Moritz Phelip,"Harvey, Prosacco and Torphy"
721b45d7-62e6-4e65-bdf7-ac46015bec6c,Sheelah Goulden,"Braun, Wolff and Mohr"
f07ad13d-72fe-4294-9e36-18be05de806b,Dael Rushmare,Krajcik-Cartwright
52bf1b86-08ba-45dd-870d-f38339ab3413,Jazmin Acedo,Murphy-Schmeler
a6410573-06c1-4769-bd69-823f745c2113,Sapphira Hegdonne,Hoeger LLC
5b7f54cb-6876-4616-af8a-e8955a09d70d,Chickie Mindenhall,Hettinger-Dooley
0d7a0826-ff2d-406f-a126-b325000a9fbc,Lorin Maddy,Wehner Inc
374702a9-bcfa-4e84-a914-8fee1a30ff9e,Alta Nevins,"Gutmann, Gleichner and Schuster"
fb551cc7-8bb1-4c20-8605-53da234118b7,Somerset O'Suaird,White-Champlin
b5534c4d-bd70-4964-b499-8c55e99fbe1c,Eleanore Mapother,Schultz-Klocko
9bbd5460-8dc1-42f2-9e59-a91ee46fcb8f,Michael Scatchard,Bode-Considine
7974cb83-ac5d-4aea-bffa-69344e5251f1,Ninon Crack,"Stracke, Kihn and Schaden"
45777e7a-2bd0-41bc-af3a-e163a9bd1c9f,Katerine Soughton,Morar-Batz
4c5d9ead-f705-4ed8-be5b-8b86111fe700,Maressa Traske,"Mitchell, Murray and Schmidt"
7b069db9-5d6e-452d-aee7-d64d02f65a7e,Blanche Lougheed,"Erdman, Tromp and Goldner"
730c43c1-c76a-408d-9316-3ac6f5014cf6,Abby Gaven,"Howell, Pfannerstill and Lockman"
ae8adeb8-442d-4180-97f9-b4ba37d33ed1,Leonhard O'Scandall,Oberbrunner Group
cd336c45-9f56-4c80-af4d-01e066ec4315,Anatollo Huttley,Schowalter Inc
d6e00d06-c256-4437-bcdf-b86b695e67eb,Sela Sinnatt,Schaefer-Daugherty
5b9a27c9-acf9-4605-81d8-2582498e72f1,Dari McNulty,Kris Group
4ce0a223-fe70-4e79-8b00-3076dd6c8094,Charlena Deller,"Crist, Wilkinson and Parker"
d080fb43-eb6d-4b1a-9b17-05bdcdc7258e,Shepherd Aggas,Dickens Inc
c548f942-0667-4bfd-9081-5c5a35c80910,Kennith Baudet,Hickle Inc
62d3c7d4-2d0a-4e36-b306-94b5cdf56821,Tore Maudling,Lowe-Nitzsche
70137837-68e0-498a-aa2a-1647d06a4f3f,Woodman Tomsa,Macejkovic and Sons
036af45f-2cb4-465c-bae8-c7d70e1574bd,Sarah Troillet,Nitzsche Group
d050b58d-3575-4a52-b51e-96146697c5bc,Sayres Rawson,"Roob, Kohler and O'Kon"
f50a13a4-1a71-442d-99a7-9a11e7b0e253,Viviyan Coger,Halvorson-Kunze
3739a481-ba0e-4422-8e90-962a4f1e1f03,Connor Elce,Olson-Muller
915ca247-2114-44d8-88fb-0dac1015f719,Mimi Ledner,Rosenbaum LLC
7f7246d5-9c0c-49af-a9ba-08003f14ba75,Gabriel Dozdill,"Schultz, Hyatt and Schiller"
e40c18fc-bc8a-46ce-bacf-7a8eb7dfc7b6,Kandy Stubs,"Hoeger, Kulas and Pfeffer"
db2efa23-0974-4c2c-8d4f-cde8ce605a13,Tatiana Rudyard,Ondricka Group
48853982-3462-4dbc-a26e-474582a332ad,Brigid Fancourt,"Mayer, Carter and Brakus"
0bc9657e-5e7f-411b-8493-592cb64d2df4,Kizzee Harvey,Tromp Group
01a1aea8-18b9-41ea-8950-7ff3d96fb9b4,Valentino Ordish,Haley Group
5a8ece92-f776-4344-bc3b-71507900d752,Rodge Welbrock,Doyle and Sons
7fb8addd-7bcc-44f4-b91a-003db5620940,Jillian Shingler,Lueilwitz-Goldner
d9d1cd64-6b3f-401e-a861-324064bc6258,Arielle Ansteys,Pfeffer Group
6e8dd6ca-6cc8-432b-846c-52b46e6e1590,Nevin Hawking,"Mosciski, Dibbert and Zieme"
3809c89c-df36-4a98-bdf4-da07f2573ccf,Allissa Jorczyk,"Gorczany, Batz and Bernier"
f2ec0564-cbc2-4750-8649-b760c29ea637,Ludovico Nusche,Morissette LLC
e19691ae-d23f-4902-beba-0e88a74b4bb0,Alastair Rasmus,Cummerata and Sons
6737ce7a-be0b-4e69-8a0c-c1e96d5324de,Dimitri Chellam,"Nicolas, Schumm and Homenick"
abdf9a4e-2aa4-41ca-a06e-ee3e89df1741,Annette Menichini,Parker Inc
0f7f62fd-5bff-4a49-b8da-f4d89b98e82c,Lamar Cesconi,Zulauf-Grimes
a0dbdcfc-dc17-4590-b422-ebf8952e215d,Ximenes Potzold,Lebsack and Sons
a4496dea-6153-49e3-856b-d2f635f11154,Flossy Couchman,"McLaughlin, Klocko and Kutch"
4eea6383-29f0-423c-b2e4-9f3a9ec57784,Tootsie McCleverty,Walter-Sporer
4705eea4-4514-4c1a-b7cd-76e8cb5c044c,Abran Taaffe,"Langosh, West and Quitzon"
3055edda-b18f-4edd-a6b7-123a0c936329,Amandie Grenkov,Graham-Kerluke
9f6cc943-b25d-4361-9a7f-5c0aa0a1379c,Duky Casburn,Kling Group
c22ea4d1-2e76-466d-8b69-a9bef2920da5,Delphine Isaaksohn,Fisher and Sons
52df15e1-bfe5-4b5d-a0a5-97ce4101d1b6,Brittne Purselow,Jenkins and Sons
d34249b4-627c-411b-98f7-0d3e574c6612,Ursuline Poolton,Volkman-Stark
eeeca1cd-ec98-4de9-ac96-03ee2c5c895d,Konstanze Sidlow,Heidenreich-Connelly
11f78431-a77c-49fd-a0c0-5836833cbcde,Shelton Pendre,Kemmer Inc
818cc22c-cf5d-407d-9dbd-09df8af6882f,Renell Cosgry,Romaguera Inc
b592f9f3-c3b7-426b-b424-3c6f7d2a7162,Kelcie Jansik,"Roob, Gorczany and Kling"
756de2aa-6201-41bb-b26f-2760bfa3e69c,Mirilla Meharry,"Adams, Hills and Flatley"
075e0c4b-1e94-4df1-be8b-d524429870c9,Aretha Scarlan,"Rohan, Beatty and Gleason"
9b94f2b8-001e-4e49-a4ad-58da78b9f004,Rosamund Sibborn,Becker and Sons
3b1f0ab2-3b6b-4565-a505-ed92deb4c756,Allan Checklin,"Kub, Gislason and Larson"
cb971fc7-a899-4d34-8ba9-9ca592674b8a,Aristotle Cornthwaite,Sporer and Sons
988d47ca-4ecb-4a7c-a244-8dcd42ad949b,Marisa McComas,Tillman-Williamson
a976b6f0-168e-45d4-b4fb-30f61350f0ee,Brook Wheble,Dicki Group
e7f86f1d-0e7d-4c82-8690-59ab341d02eb,Mord Sapwell,Roberts-Gutmann
0cb553b9-5752-4519-b376-ca52f5bde888,Eugine Corbert,"Bergnaum, Daniel and Shanahan"
55ee9cd1-b006-4653-9204-6d62a9216b0a,Michel Vince,McClure-Price
f95bd31a-f461-4235-8f68-ca034911577e,Dannie Pain,"Renner, Metz and Bergstrom"
7428476e-3b2d-40c6-91df-a021f5e7f88c,Emmye Yewdell,Davis-Treutel
7cf0963d-ca4a-4a1a-91ca-bc2acf001062,Karlie Baine,Donnelly Group
fc82a521-2aca-4a20-b608-84fc7c87493a,Sax Langlois,Crist LLC
8b279779-c357-44a9-a693-44af8cb94e58,Bobbie Iddiens,Witting-Langworth
39132f04-28a4-4473-b18a-752c5867a98b,Judy Brilon,Ernser Inc
d4013a6e-a941-4b94-9d19-27c1c9666e5f,Chadwick Vardie,"Williamson, Brakus and Breitenberg"
aeb26745-2553-437d-81fc-1cd363d4c4b6,Adorne Aberdein,McClure-Mante
24db8090-5e78-49ef-b27e-f5d3d1ebf535,Gwynne Colebrook,"Balistreri, Yundt and Zemlak"
d82de815-5031-4ad3-836e-ead828b620a1,Flint Howells,Mante Group
0dd6d1ae-6976-4d49-9f72-14abed8f6e8d,Garry Yakebowitch,Greenfelder LLC
393e771c-5de1-46d6-a76d-e34090814d87,Liza Henriksson,"Marquardt, Reilly and Schroeder"
ea7e7b4f-8757-4ae7-a0fd-9c75c750529d,Ezekiel Goathrop,Reynolds and Sons
99c5a2c2-a699-413d-b141-6507d8a8b4f6,Judye Camlin,Rolfson-Kreiger
b392b5d9-3ab9-4210-a517-78d408e723a3,Cherey Creek,Ledner-Lebsack
83ab5dc5-5563-4d81-9a63-941d4257e38d,Stanislaw Rehorek,Schmitt-Reinger
17ff5711-e8d9-4579-94c0-6b4342de5079,Cully Brettel,"Lemke, Hackett and Gerhold"
